date,user_id,step,page
2020-01-21,38,0,/events/info-taster-session-events/
2020-01-21,38,1,/events/info-taster-session-events/
2020-01-21,38,2,/courses/
2019-10-07,40,0,/events/info-taster-session-events/
2019-10-07,40,1,/about-us/our-team/
2019-10-07,40,2,/glasgow/
2019-10-07,40,3,/events/info-taster-session-events/
2019-10-21,42,0,/courses/browse-all-course-dates/
2019-10-21,42,1,homepage
2019-10-21,42,2,homepage
2020-01-30,43,0,/for-employers/upskill-your-staff/
2020-01-30,43,1,/events/info-taster-session-events/
2019-10-14,45,0,/events/info-taster-session-events/
2019-10-14,45,1,/events/glasgow/
2019-10-14,45,2,/da-announcement/
2019-10-14,45,3,/digital-careers/test-engineer/
2019-09-09,48,0,/events/info-taster-session-events/
2019-09-09,48,1,/da-announcement/
2019-09-09,48,2,homepage
2019-09-09,48,3,/courses/psd/
2019-09-24,50,0,/for-employers/upskill-your-staff/
2019-09-24,50,1,/events/edinburgh/
2019-09-24,50,2,/events/info-taster-session-events/
2019-09-24,50,3,/events/info-taster-session-events/
2020-01-06,51,0,/courses/
2020-01-06,51,1,homepage
2020-01-06,51,2,homepage
2019-09-01,54,0,/events/info-taster-session-events/
2019-09-02,56,0,/events/info-taster-session-events/
2019-09-24,58,0,/events/info-taster-session-events/
2019-11-07,60,0,/courses/psd/
2020-02-06,62,0,/events/edinburgh/
2020-02-26,64,0,/events/info-taster-session-events/
2020-02-12,66,0,/events/
2020-02-12,66,1,/events/info-taster-session-events/
2020-02-29,68,0,/courses/
2020-02-29,68,1,/digital-careers/test-engineer/
2020-02-29,68,2,/courses/
2020-02-04,70,0,/courses/psd/
2020-02-04,70,1,/events/info-taster-session-events/
2019-09-02,72,0,/courses/psd/
2019-09-02,72,1,/courses/
2019-10-11,74,0,/events/info-taster-session-events/
2019-10-11,74,1,/events/info-taster-session-events/
2019-10-11,74,2,/events/info-taster-session-events/
2020-01-17,76,0,/events/info-taster-session-events/
2020-01-17,76,1,/courses/psd/curriculum/
2020-01-17,76,2,/events/other-events/
2020-01-17,76,3,/courses/psd/
2020-01-31,78,0,/events/info-taster-session-events/
2020-01-31,78,1,/courses/psd/
2020-01-31,78,2,/the-codeclan-experience/the-alumni/
2020-01-31,78,3,/events/info-taster-session-events/
2020-02-25,80,0,/events/info-taster-session-events/
2020-02-25,80,1,homepage
2020-02-25,80,2,/events/info-taster-session-events/
2020-02-25,80,3,/events/info-taster-session-events/
2020-02-28,82,0,/events/info-taster-session-events/
2020-02-28,82,1,/courses/
2020-02-28,82,2,/events/info-taster-session-events/
2019-10-07,84,0,/events/edinburgh/
2019-10-07,84,1,/courses/
2019-10-07,84,2,/events/info-taster-session-events/
2019-10-07,84,3,/events/info-taster-session-events/
2019-10-07,86,0,/courses/edinburgh/
2019-10-07,86,1,/events/
2019-10-07,86,2,/events/info-taster-session-events/
2019-10-07,86,3,/events/
2019-09-06,88,0,homepage
2019-09-06,88,1,/courses/psd/
2019-09-06,88,2,/events/info-taster-session-events/
2019-10-21,90,0,/events/info-taster-session-events/
2019-10-21,90,1,/courses/psd/curriculum/
2019-10-21,90,2,homepage
2019-10-21,90,3,/events/info-taster-session-events/
2019-09-06,92,0,/courses/psd/
2019-09-06,92,1,/glasgow/
2019-10-21,94,0,homepage
2019-10-21,94,1,/courses/
2019-09-30,96,0,/events/info-taster-session-events/
2019-09-30,96,1,homepage
2019-09-30,96,2,/courses/da/apply/
2019-09-18,98,0,/events/
2019-09-18,98,1,homepage
2019-09-18,98,2,homepage
2019-09-18,98,3,homepage
2019-11-04,100,0,/da-announcement/apply-for-da/
2019-11-04,100,1,/events/info-taster-session-events/
2019-11-04,100,2,homepage
2019-11-04,100,3,/events/glasgow/
2019-10-01,102,0,/blog/category/whats-new/
2019-10-01,102,1,/events/glasgow/
2019-10-01,102,2,homepage
2019-10-01,102,3,/glasgow/
2019-09-18,104,0,homepage
2019-09-18,104,1,/da-announcement/cost-and-funding/
2019-10-23,106,0,/events/info-taster-session-events/
2019-10-23,106,1,/courses/da/application-process/
2019-11-05,108,0,/events/glasgow/
2019-11-05,108,1,/events/info-taster-session-events/
2020-02-21,110,0,/events/info-taster-session-events/
2020-02-21,110,1,/Glasgow/
2020-02-21,110,2,/courses/psd/
2020-02-21,110,3,/events/info-taster-session-events/
2019-09-06,112,0,/courses/psd/
2019-09-06,112,1,/events/info-taster-session-events/
2019-09-08,114,0,/events/info-taster-session-events/
2019-09-08,114,1,/courses/psd/
2019-09-09,116,0,/da-announcement/
2019-09-09,116,1,/courses/glasgow/
2019-09-10,118,0,/courses/edinburgh/
2019-09-10,118,1,/events/
2019-09-10,120,0,/events/glasgow/
2019-09-10,120,1,/events/info-taster-session-events/
2019-09-17,122,0,homepage
2019-09-17,122,1,/events/info-taster-session-events/
2019-10-01,124,0,/about-us/our-team/
2019-10-01,124,1,homepage
2019-10-06,126,0,/courses/psd/thank-you-syllabus-download/
2019-10-06,126,1,/events/info-taster-session-events/
2019-10-08,128,0,homepage
2019-10-08,128,1,/events/info-taster-session-events/
2019-10-15,130,0,homepage
2019-10-15,130,1,/courses/full-stack-web-development/
2019-11-06,132,0,/events/edinburgh/
2019-11-06,132,1,/events/info-taster-session-events/
2020-01-20,134,0,/events/info-taster-session-events/
2020-01-20,134,1,/courses/psd/cost-and-funding/
2020-02-05,136,0,/events/info-taster-session-events/
2020-02-05,136,1,/events/
2019-09-02,138,0,/events/glasgow/
2019-09-02,138,1,homepage
2019-09-02,138,2,/events/info-taster-session-events/
2019-09-10,140,0,/events/info-taster-session-events/
2019-09-10,140,1,/courses/psd/thank-you-syllabus-download/
2019-09-10,140,2,/courses/understanding-programming/
2019-09-18,142,0,/courses/psd/cost-and-funding/
2019-09-18,142,1,/courses/understanding-programming/
2019-09-18,142,2,/events/info-taster-session-events/
2019-09-21,144,0,/courses/full-stack-web-development/
2019-09-21,144,1,/events/info-taster-session-events/
2019-09-21,144,2,/events/info-taster-session-events/
2019-09-27,146,0,/glasgow/
2019-09-27,146,1,/da-announcement/apply-for-da/da_application_2
2019-09-27,146,2,/courses/psd/cost-and-funding/
2019-09-28,148,0,/courses/psd/
2019-09-28,148,1,/events/
2019-09-28,148,2,homepage
2019-09-29,150,0,/da-announcement/
2019-09-29,150,1,/courses/psd/
2019-09-29,150,2,/glasgow/
2019-10-04,152,0,/courses/psd/career-support/
2019-10-04,152,1,/events/info-taster-session-events/
2019-10-04,152,2,homepage
2019-10-04,154,0,/courses/psd/thank-you-syllabus-download/
2019-10-04,154,1,/courses/
2019-10-04,154,2,/events/info-taster-session-events/
2019-10-10,156,0,/events/info-taster-session-events/
2019-10-10,156,1,/events/info-taster-session-events/
2019-10-10,156,2,/events/info-taster-session-events/
2019-10-11,158,0,homepage
2019-10-11,158,1,/courses/psd/
2019-10-11,158,2,/events/info-taster-session-events/
2019-10-12,160,0,/courses/psd/
2019-10-12,160,1,/events/info-taster-session-events/
2019-10-12,160,2,/events/info-taster-session-events/
2019-10-19,162,0,homepage
2019-10-19,162,1,homepage
2019-10-19,162,2,homepage
2019-10-22,164,0,/courses/psd/curriculum/
2019-10-22,164,1,/events/info-taster-session-events/
2019-10-22,164,2,/courses/psd/
2019-10-30,166,0,/courses/da/apply/
2019-10-30,166,1,/events/glasgow/
2019-10-30,166,2,/events/info-taster-session-events/
2019-11-01,168,0,/events/info-taster-session-events/
2019-11-01,168,1,/da-announcement/
2019-11-01,168,2,/events/glasgow/
2019-11-05,170,0,/da-announcement/
2019-11-05,170,1,homepage
2019-11-05,170,2,/da-announcement/
2019-11-05,172,0,/events/
2019-11-05,172,1,/courses/psd/
2019-11-05,172,2,homepage
2019-11-05,174,0,homepage
2019-11-05,174,1,/events/info-taster-session-events/
2019-11-05,174,2,/courses/inverness/
2019-11-06,176,0,/courses/
2019-11-06,176,1,homepage
2019-11-06,176,2,/events/info-taster-session-events/
2019-11-06,178,0,/events/info-taster-session-events/
2019-11-06,178,1,/courses/
2019-11-06,178,2,/events/info-taster-session-events/
2019-11-07,180,0,homepage
2019-11-07,180,1,/events/edinburgh/
2019-11-07,180,2,/events/info-taster-session-events/
2019-11-11,182,0,/events/info-taster-session-events/
2019-11-11,182,1,/da-announcement/
2019-11-11,182,2,/courses/
2019-09-29,184,0,/blog/melindas-memo-october-2019/
2019-09-29,184,1,/events/info-taster-session-events/
2019-09-29,184,2,/courses/edinburgh/
2019-09-29,184,3,/events/edinburgh/
2019-10-08,186,0,/edinburgh/
2019-10-08,186,1,/events/info-taster-session-events/
2019-10-08,186,2,/events/info-taster-session-events/
2019-10-08,186,3,/events/edinburgh/
2019-09-12,188,0,/events/info-taster-session-events/
2019-09-12,188,1,/courses/psd/apply/
2019-09-12,188,2,/the-codeclan-experience/the-alumni/
2019-09-12,188,3,/courses/edaid-apply/
2019-09-16,190,0,/events/info-taster-session-events/
2019-09-16,190,1,/events/info-taster-session-events/
2019-09-16,190,2,/events/info-taster-session-events/
2019-09-16,190,3,/courses/psd/
2019-10-29,192,0,/events/
2019-10-29,192,1,/events/info-taster-session-events/
2019-10-29,192,2,/courses/psd/apply/
2019-10-29,192,3,/events/info-taster-session-events/
2019-09-09,194,0,/courses/glasgow/
2019-09-09,194,1,/courses/psd/
2019-09-09,194,2,/Edinburgh/
2019-09-09,194,3,homepage
2019-09-17,196,0,/events/info-taster-session-events/
2019-09-17,196,1,homepage
2019-09-17,196,2,/da-announcement/cost-and-funding/
2019-09-17,196,3,/blog/our-guide-to-funding-our-full-time-courses/
2019-09-21,198,0,/events/info-taster-session-events/
2019-09-21,198,1,/events/info-taster-session-events/
2019-09-21,198,2,/digital-careers/
2019-09-21,198,3,/edinburgh/
2019-10-24,200,0,/courses/
2019-10-24,200,1,/da-announcement/
2019-10-24,200,2,/events/info-taster-session-events/
2019-10-24,200,3,/courses/psd/
2019-10-16,202,0,/events/info-taster-session-events/
2019-10-16,202,1,/courses/psd/
2019-10-16,202,2,homepage
2019-10-16,202,3,/events/other-events/
2019-10-09,204,0,/events/info-taster-session-events/
2019-10-09,204,1,homepage
2019-10-09,204,2,/glasgow/
2019-10-09,204,3,/courses/psd/apply/
2020-02-24,206,0,/events/info-taster-session-events/
2020-02-24,206,1,/events/info-taster-session-events/
2020-02-24,206,2,/da-announcement/
2020-02-24,206,3,/events/info-taster-session-events/
2019-10-30,208,0,/events/info-taster-session-events/
2019-10-30,208,1,/courses/full-stack-web-development/
2019-10-30,208,2,/events/info-taster-session-events/
2019-10-30,208,3,/courses/psd/
2019-11-07,210,0,/events/info-taster-session-events/
2019-11-07,210,1,/events/info-taster-session-events/
2019-11-07,210,2,/events/info-taster-session-events/
2019-11-07,210,3,/events/glasgow/
2020-02-29,212,0,homepage
2020-02-29,212,1,/da-announcement/apply-for-da/da_application_1
2020-02-29,212,2,homepage
2020-02-29,212,3,/events/
2020-02-25,214,0,/da-announcement/cost-and-funding/
2020-02-25,214,1,homepage
2020-02-25,214,2,/courses/full-stack-web-development/cost-and-funding/
2020-02-25,214,3,/events/info-taster-session-events/
2019-09-03,215,0,/courses/psd/student-case-studies/
2019-11-02,217,0,/events/info-taster-session-events/
2019-11-20,219,0,/events/glasgow/
2019-09-17,221,0,/events/info-taster-session-events/
2019-09-17,221,1,homepage
2019-11-21,223,0,/da-announcement/
2019-11-21,223,1,/events/
2019-10-31,225,0,/for-employers/community-outreach/
2019-10-31,225,1,homepage
2019-10-31,225,2,/events/info-taster-session-events/
2019-10-31,225,3,/events/info-taster-session-events/
2019-11-11,227,0,/for-employers/sponsorships/
2019-11-11,227,1,/events/info-taster-session-events/
2019-11-11,227,2,/events/info-taster-session-events/
2019-11-11,227,3,/courses/psd/
2019-12-02,229,0,/the-codeclan-experience/a-typical-day/
2019-12-02,229,1,homepage
2019-12-02,229,2,/events/edinburgh/
2019-12-02,229,3,homepage
2019-09-23,231,0,/courses/da/application-process/
2019-09-23,231,1,/courses/psd/
2019-09-23,231,2,/events/info-taster-session-events/
2019-11-08,233,0,/courses/
2019-11-08,233,1,/courses/da/apply/
2019-11-08,233,2,/events/info-taster-session-events/
2019-11-08,233,3,homepage
2019-09-02,235,0,/events/glasgow/
2019-09-02,235,1,/events/info-taster-session-events/
2019-09-02,235,2,homepage
2019-09-02,235,3,/courses/
2019-09-20,237,0,/courses/
2019-09-20,237,1,/events/
2019-11-28,239,0,/da-announcement/
2019-11-28,239,1,/courses/psd/apply/
2019-11-28,239,2,/da-announcement/
2019-11-28,239,3,/courses/psd/thank-you-syllabus-download/
2019-09-17,241,0,/da-announcement/cost-and-funding/
2019-09-17,241,1,/events/info-taster-session-events/
2019-10-02,243,0,/events/info-taster-session-events/
2019-10-02,243,1,/courses/psd/student-case-studies/
2019-09-02,245,0,homepage
2019-09-02,245,1,/events/info-taster-session-events/
2019-09-02,245,2,/courses/browse-all-course-dates/
2019-09-03,247,0,/digital-careers/product-owner/
2019-09-03,247,1,/events/glasgow/
2019-09-03,247,2,/events/info-taster-session-events/
2019-09-26,249,0,homepage
2019-09-26,249,1,/events/info-taster-session-events/
2019-09-26,249,2,homepage
2019-11-13,251,0,/events/info-taster-session-events/
2019-11-13,251,1,/courses/psd/
2019-11-13,251,2,/digital-careers/
2019-11-19,253,0,/events/glasgow/
2019-11-19,253,1,homepage
2019-11-19,253,2,/da-announcement/dacourse-application-process/
2019-11-28,255,0,/glasgow/
2019-11-28,255,1,/events/info-taster-session-events/
2019-11-28,255,2,/events/info-taster-session-events/
2019-12-02,257,0,/events/other-events/
2019-12-02,257,1,/events/info-taster-session-events/
2019-12-02,257,2,/events/info-taster-session-events/
2019-12-05,259,0,/events/info-taster-session-events/
2019-12-05,259,1,/events/info-taster-session-events/
2019-12-05,259,2,/events/
2019-12-02,261,0,/courses/psd/
2019-12-02,261,1,/da-announcement/
2019-12-02,261,2,/events/info-taster-session-events/
2019-12-02,261,3,/courses/agile-for-effective-teams/
2019-11-12,263,0,/da-announcement/
2019-11-12,263,1,/events/info-taster-session-events/
2019-11-12,263,2,homepage
2019-11-12,263,3,/events/info-taster-session-events/
2019-09-02,265,0,/events/info-taster-session-events/
2019-09-02,265,1,/events/info-taster-session-events/
2019-09-02,265,2,/courses/
2019-10-06,267,0,homepage
2019-10-06,267,1,/events/info-taster-session-events/
2019-10-06,267,2,/courses/psd/
2019-11-06,269,0,/events/glasgow/
2019-11-06,269,1,/events/info-taster-session-events/
2019-11-06,269,2,/events/info-taster-session-events/
2019-11-06,269,3,/events/info-taster-session-events/
2019-09-01,271,0,/courses/full-stack-web-development/
2019-09-01,271,1,/events/
2019-09-01,271,2,/courses/psd/
2019-09-01,271,3,/events/info-taster-session-events/
2019-10-02,273,0,/da-announcement/
2019-10-02,273,1,/da-announcement/
2019-10-02,273,2,/events/glasgow/
2019-10-02,273,3,/events/
2019-09-12,275,0,/courses/psd/
2019-09-12,275,1,/da-announcement/
2019-09-12,275,2,/events/info-taster-session-events/
2019-09-12,275,3,/events/info-taster-session-events/
2019-09-18,277,0,/events/info-taster-session-events/
2019-09-18,277,1,/events/info-taster-session-events/
2019-09-18,277,2,/events/info-taster-session-events/
2019-09-18,277,3,/events/info-taster-session-events/
2019-09-30,279,0,/events/info-taster-session-events/
2019-09-30,279,1,homepage
2019-09-30,279,2,/courses/
2019-09-30,279,3,/events/
2019-10-31,281,0,/events/info-taster-session-events/
2019-10-31,281,1,/courses/psd/
2019-10-31,281,2,/courses/edinburgh/
2019-10-31,281,3,/glasgow/
2019-09-01,283,0,/da-announcement/dacourse-application-process/
2019-09-01,283,1,/events/
2019-09-14,285,0,/the-codeclan-experience/
2019-09-14,285,1,/da-announcement/
2019-09-20,287,0,/events/info-taster-session-events/
2019-09-20,287,1,/events/glasgow/
2019-09-21,289,0,/courses/psd/
2019-09-21,289,1,/events/other-events/
2019-09-22,291,0,/events/info-taster-session-events/
2019-09-22,291,1,/courses/glasgow/
2019-09-24,293,0,/courses/psd/
2019-09-24,293,1,homepage
2019-09-29,295,0,/glasgow/
2019-09-29,295,1,/courses/understanding-programming/
2019-09-29,297,0,/da-announcement/
2019-09-29,297,1,/events/edinburgh/
2019-09-29,299,0,/events/info-taster-session-events/
2019-09-29,299,1,/courses/
2019-09-30,301,0,/events/info-taster-session-events/
2019-09-30,301,1,/events/info-taster-session-events/
2019-10-24,303,0,/courses/psd/
2019-10-24,303,1,/courses/psd/
2019-10-28,305,0,/courses/
2019-10-28,305,1,/blog/7-reasons-to-study-da-at-codeclan/
2019-11-05,307,0,/da-announcement/apply-for-da/
2019-11-05,307,1,/events/info-taster-session-events/
2019-11-05,309,0,/courses/psd/
2019-11-05,309,1,/courses/
2019-11-06,311,0,/events/info-taster-session-events/
2019-11-06,311,1,/events/
2019-11-25,313,0,/events/info-taster-session-events/
2019-11-25,313,1,/events/info-taster-session-events/
2019-11-28,315,0,/events/info-taster-session-events/
2019-11-28,315,1,/courses/
2019-11-29,317,0,/events/info-taster-session-events/
2019-11-29,317,1,/courses/psd/
2019-12-08,319,0,/events/info-taster-session-events/
2019-12-08,319,1,/courses/python-for-developers/
2019-09-02,321,0,/da-announcement/
2019-09-02,321,1,/events/info-taster-session-events/
2019-09-02,321,2,/events/info-taster-session-events/
2019-09-02,323,0,homepage
2019-09-02,323,1,/about-us/become-a-dainstructor/
2019-09-02,323,2,/events/info-taster-session-events/
2019-09-04,325,0,/events/glasgow/
2019-09-04,325,1,/events/
2019-09-04,325,2,/events/inverness-events/
2019-09-06,327,0,/courses/r-programming/
2019-09-06,327,1,/courses/
2019-09-06,327,2,/events/info-taster-session-events/
2019-09-13,329,0,/events/info-taster-session-events/
2019-09-13,329,1,/events/info-taster-session-events/
2019-09-13,329,2,/courses/psd/curriculum/
2019-09-13,331,0,/events/info-taster-session-events/
2019-09-13,331,1,/events/info-taster-session-events/
2019-09-13,331,2,/events/info-taster-session-events/
2019-09-19,333,0,/events/glasgow/
2019-09-19,333,1,/da-announcement/
2019-09-19,333,2,/events/info-taster-session-events/
2019-09-21,335,0,/courses/psd/apply/
2019-09-21,335,1,/courses/
2019-09-21,335,2,homepage
2019-09-24,337,0,/events/edinburgh/
2019-09-24,337,1,/da-announcement/apply-for-da/da_application_1
2019-09-24,337,2,/events/info-taster-session-events/
2019-09-24,339,0,/courses/psd/
2019-09-24,339,1,/events/info-taster-session-events/
2019-09-24,339,2,/courses/glasgow/
2019-09-25,341,0,/glasgow/
2019-09-25,341,1,/events/info-taster-session-events/
2019-09-25,341,2,/events/info-taster-session-events/
2019-09-25,343,0,/events/taster-sessions/
2019-09-25,343,1,/glasgow/
2019-09-25,343,2,/events/glasgow/
2019-09-30,345,0,homepage
2019-09-30,345,1,/events/edinburgh/
2019-09-30,345,2,/for-employers/hire-with-codeclan/
2019-09-30,347,0,/events/info-taster-session-events/
2019-09-30,347,1,/courses/ux-design-fundamentals/
2019-09-30,347,2,/courses/full-stack-web-development/
2019-10-01,349,0,homepage
2019-10-01,349,1,/events/info-taster-session-events/
2019-10-01,349,2,/courses/psd/cost-and-funding/
2019-10-02,351,0,/courses/
2019-10-02,351,1,/events/info-taster-session-events/
2019-10-02,351,2,/events/
2019-09-04,353,0,/edinburgh/
2019-09-04,353,1,/about-us/our-team/
2019-09-04,353,2,/events/edinburgh/
2019-09-04,353,3,/da-announcement/dacourse-application-process/
2019-11-09,355,0,/courses/psd/
2019-11-09,355,1,/da-announcement/
2019-11-09,355,2,/events/edinburgh/
2019-11-09,355,3,/courses/psd/cost-and-funding/
2019-09-13,357,0,/courses/full-stack-web-development/
2019-09-13,357,1,/events/info-taster-session-events/
2019-09-13,357,2,/events/info-taster-session-events/
2019-09-13,357,3,/events/info-taster-session-events/
2019-11-08,359,0,/events/info-taster-session-events/
2019-11-08,359,1,/events/info-taster-session-events/
2019-11-08,359,2,/events/info-taster-session-events/
2019-11-08,359,3,/courses/psd/thank-you-syllabus-download/
2019-09-24,361,0,/events/info-taster-session-events/
2019-09-24,361,1,/courses/edinburgh/
2019-09-24,361,2,/courses/
2019-09-24,361,3,/courses/
2019-11-13,363,0,homepage
2019-11-13,363,1,/events/info-taster-session-events/
2019-11-13,363,2,homepage
2019-10-24,365,0,/events/info-taster-session-events/
2019-10-24,365,1,/da-announcement/
2019-10-24,365,2,/events/info-taster-session-events/
2019-10-10,367,0,/events/info-taster-session-events/
2019-10-10,367,1,/da-announcement/
2019-10-10,367,2,/events/info-taster-session-events/
2019-10-10,367,3,/events/info-taster-session-events/
2019-09-16,369,0,/events/
2019-09-16,369,1,/da-announcement/
2019-09-16,369,2,/events/info-taster-session-events/
2019-09-16,369,3,/courses/psd/
2019-11-01,371,0,/events/info-taster-session-events/
2019-11-01,371,1,homepage
2019-11-01,371,2,homepage
2019-11-01,371,3,/glasgow/
2019-11-12,373,0,/events/edinburgh/
2019-11-12,373,1,/events/info-taster-session-events/
2019-11-12,373,2,/courses/full-stack-web-development/
2019-11-12,373,3,/da-announcement/cost-and-funding/
2019-11-07,375,0,/courses/psd/
2019-11-07,375,1,/events/info-taster-session-events/
2019-11-07,375,2,/glasgow/
2019-11-07,375,3,homepage
2019-11-14,377,0,/da-announcement/apply-for-da/da_application_1
2019-11-14,377,1,homepage
2019-11-14,377,2,/courses/full-stack-web-development/
2019-11-14,377,3,/events/glasgow/
2019-10-29,379,0,/events/info-taster-session-events/
2019-10-29,379,1,/events/info-taster-session-events/
2019-10-29,379,2,/da-announcement/
2019-10-29,379,3,/courses/psd/
2019-11-26,381,0,homepage
2019-11-26,381,1,/courses/python-for-developers/
2019-11-26,381,2,homepage
2019-11-26,381,3,/events/info-taster-session-events/
2019-09-02,383,0,homepage
2019-09-02,383,1,/events/info-taster-session-events/
2019-09-03,385,0,/events/
2019-09-03,385,1,/courses/psd/
2019-09-13,387,0,/events/info-taster-session-events/
2019-09-13,387,1,/courses/psd/
2019-09-14,389,0,/events/info-taster-session-events/
2019-09-14,389,1,/courses/psd/student-case-studies/
2019-09-17,391,0,/events/edinburgh/
2019-09-17,391,1,/events/info-taster-session-events/
2019-09-18,393,0,homepage
2019-09-18,393,1,homepage
2019-09-20,395,0,/events/info-taster-session-events/
2019-09-20,395,1,/courses/
2019-11-24,397,0,/events/info-taster-session-events/
2019-11-24,397,1,homepage
2019-11-26,399,0,/events/info-taster-session-events/
2019-11-26,399,1,/glasgow/
2019-09-24,401,0,/events/info-taster-session-events/
2019-09-24,401,1,/events/info-taster-session-events/
2019-09-24,401,2,homepage
2019-09-24,401,3,/courses/psd/
2019-09-02,404,0,/events/info-taster-session-events/
2019-09-02,405,0,/events/info-taster-session-events/
2019-09-03,408,0,/courses/
2019-09-03,410,0,/courses/psd/cost-and-funding/
2019-09-08,411,0,/events/info-taster-session-events/
2019-09-09,414,0,homepage
2019-09-11,415,0,/da-announcement/
2019-09-12,417,0,/events/glasgow/
2019-09-17,420,0,/da-announcement/
2019-09-17,422,0,/courses/psd/
2019-09-19,424,0,/events/info-taster-session-events/
2019-09-22,426,0,/courses/psd/
2019-09-22,427,0,/courses/edinburgh/
2019-09-24,430,0,/events/info-taster-session-events/
2019-10-02,432,0,/courses/psd/apply/
2019-10-06,434,0,/Glasgow/
2019-10-06,436,0,homepage
2019-10-07,438,0,homepage
2019-10-08,440,0,/events/edinburgh/
2019-10-08,442,0,/courses/psd/
2019-10-09,444,0,homepage
2019-10-09,446,0,/courses/understanding-programming/
2019-10-10,448,0,/events/info-taster-session-events/
2019-10-15,449,0,/events/info-taster-session-events/
2019-10-16,451,0,/courses/
2019-10-27,453,0,/events/glasgow/
2019-11-03,455,0,homepage
2019-11-05,457,0,/events/glasgow/
2019-11-05,459,0,/courses/r-programming/
2019-11-06,461,0,/events/info-taster-session-events/
2019-11-08,463,0,homepage
2019-11-10,465,0,/Edinburgh/
2019-11-11,467,0,/courses/full-stack-web-development/
2019-11-11,469,0,/courses/
2019-11-15,472,0,/events/info-taster-session-events/
2019-11-16,474,0,homepage
2019-11-20,476,0,/events/glasgow/
2019-11-20,477,0,/events/info-taster-session-events/
2019-11-21,480,0,/edinburgh/
2019-11-22,482,0,homepage
2019-11-22,483,0,homepage
2019-11-22,486,0,/da-announcement/apply-for-da/
2019-11-27,488,0,/events/info-taster-session-events/
2019-11-27,490,0,/events/info-taster-session-events/
2019-11-27,492,0,/courses/psd/career-support/
2019-11-28,494,0,/events/info-taster-session-events/
2019-11-28,496,0,homepage
2019-11-29,498,0,/events/info-taster-session-events/
2019-11-29,500,0,/events/glasgow/
2019-11-30,502,0,/courses/psd/cost-and-funding/
2019-12-02,504,0,/da-announcement/apply-for-da/da_application_2
2019-12-02,505,0,/courses/
2019-12-02,507,0,/events/glasgow/
2019-12-03,510,0,/events/edinburgh/
2019-12-03,512,0,/events/info-taster-session-events/
2019-12-03,514,0,/courses/psd/
2019-12-04,516,0,/events/info-taster-session-events/
2019-12-13,517,0,/events/edinburgh/
2019-12-14,519,0,/site-map/
2019-12-16,521,0,homepage
2019-12-17,523,0,homepage
2019-12-17,526,0,/events/edinburgh/
2019-12-18,527,0,/da-announcement/
2019-12-18,530,0,/da-announcement/
2019-12-19,531,0,/events/info-taster-session-events/
2019-12-19,534,0,homepage
2019-12-20,535,0,/glasgow/
2019-12-23,538,0,/da-announcement/cost-and-funding/
2019-12-23,540,0,/events/info-taster-session-events/
2019-12-23,542,0,/events/info-taster-session-events/
2019-12-23,543,0,/courses/understanding-software-development/
2019-12-26,546,0,/enquire/
2019-12-30,548,0,/da-announcement/
2019-12-31,550,0,/events/info-taster-session-events/
2020-01-01,552,0,/events/edinburgh/
2020-01-02,553,0,/events/info-taster-session-events/
2020-01-03,556,0,/courses/psd/
2020-01-03,557,0,/da-announcement/
2020-01-03,560,0,/events/info-taster-session-events/
2020-01-04,562,0,/events/info-taster-session-events/
2020-01-06,564,0,/da-announcement/
2020-01-07,565,0,/Glasgow/
2020-01-07,567,0,homepage
2020-01-07,570,0,/da-announcement/cost-and-funding/
2020-01-07,572,0,/courses/edinburgh/
2020-01-07,573,0,/da-announcement/apply-for-da/
2020-01-08,575,0,homepage
2020-01-08,578,0,/courses/glasgow/
2020-01-10,580,0,homepage
2020-01-10,582,0,/digital-careers/
2020-01-10,583,0,/events/partner-events/
2020-01-10,586,0,/events/info-taster-session-events/
2020-01-11,588,0,/events/info-taster-session-events/
2020-01-11,590,0,/courses/glasgow/
2020-01-13,591,0,/events/info-taster-session-events/
2020-01-13,594,0,/courses/psd/apply/
2020-01-14,596,0,/events/info-taster-session-events/
2020-01-14,597,0,/events/info-taster-session-events/
2020-01-16,599,0,homepage
2020-01-17,601,0,/events/info-taster-session-events/
2020-01-17,604,0,/events/glasgow/
2020-01-19,605,0,/events/info-taster-session-events/
2020-01-21,608,0,/da-announcement/
2020-01-21,609,0,/events/info-taster-session-events/
2020-01-22,612,0,/events/info-taster-session-events/
2020-01-23,613,0,/glasgow/
2020-01-23,616,0,/digital-careers/
2020-01-26,618,0,/courses/agile-for-effective-teams/
2020-01-26,620,0,/events/info-taster-session-events/
2020-01-27,622,0,/courses/ux-design-fundamentals/
2020-01-27,624,0,/courses/psd/curriculum/
2020-01-30,625,0,/courses/edinburgh/
2020-01-30,627,0,/courses/
2020-01-30,629,0,homepage
2020-01-30,631,0,/the-codeclan-experience/a-typical-day/
2020-01-30,633,0,/courses/psd/
2020-01-30,635,0,homepage
2020-01-31,638,0,/events/info-taster-session-events/
2020-02-03,639,0,homepage
2020-02-03,642,0,/events/info-taster-session-events/
2020-02-03,644,0,/events/info-taster-session-events/
2020-02-03,645,0,/events/
2020-02-04,647,0,homepage
2020-02-04,649,0,/about-us/our-team/our-board/
2020-02-04,652,0,/events/info-taster-session-events/
2020-02-05,654,0,/events/info-taster-session-events/
2020-02-05,656,0,/events/info-taster-session-events/
2020-02-05,658,0,/courses/psd/
2020-02-06,660,0,/events/info-taster-session-events/
2020-02-10,662,0,/events/edinburgh/
2020-02-10,663,0,/courses/psd/
2020-02-20,665,0,homepage
2020-02-20,666,0,homepage
2020-02-24,667,0,homepage
2020-02-24,670,0,/events/edinburgh/
2020-02-25,672,0,/da-announcement/
2020-02-26,674,0,/events/glasgow/
2020-02-26,676,0,/events/
2020-02-26,677,0,homepage
2020-02-26,678,0,/events/info-taster-session-events/
2019-09-04,679,0,/events/edinburgh/
2019-09-04,679,1,/events/info-taster-session-events/
2019-09-05,682,0,/events/info-taster-session-events/
2019-09-05,682,1,/black-friday-lottery/
2019-09-05,684,0,/events/info-taster-session-events/
2019-09-05,684,1,/courses/psd/student-case-studies/
2019-09-05,686,0,/courses/python-for-developers/
2019-09-05,686,1,/events/info-taster-session-events/
2019-09-09,688,0,/events/info-taster-session-events/
2019-09-09,688,1,/Edinburgh/
2019-09-11,689,0,/events/info-taster-session-events/
2019-09-11,689,1,homepage
2019-09-17,691,0,/events/other-events/
2019-09-17,691,1,/events/info-taster-session-events/
2019-09-18,694,0,homepage
2019-09-18,694,1,/enquire/
2019-09-25,695,0,/events/info-taster-session-events/
2019-09-25,695,1,/courses/psd/thank-you-syllabus-download/
2019-10-02,698,0,/about-us/our-team/our-board/
2019-10-02,698,1,/courses/da/application-process/
2019-10-02,699,0,/events/info-taster-session-events/
2019-10-02,699,1,/events/
2019-10-03,702,0,homepage
2019-10-03,702,1,/events/info-taster-session-events/
2019-10-05,704,0,/courses/
2019-10-05,704,1,homepage
2019-10-05,706,0,homepage
2019-10-05,706,1,/events/info-taster-session-events/
2019-10-05,707,0,homepage
2019-10-05,707,1,/events/glasgow/
2019-10-08,710,0,/events/info-taster-session-events/
2019-10-08,710,1,homepage
2019-10-08,711,0,/events/
2019-10-08,711,1,/courses/inverness/
2019-11-14,714,0,homepage
2019-11-14,714,1,homepage
2019-11-20,715,0,homepage
2019-11-20,715,1,/events/glasgow/
2019-11-28,718,0,/courses/psd/
2019-11-28,718,1,/courses/
2019-12-01,720,0,/for-employers/hire-with-codeclan/
2019-12-01,720,1,/courses/
2019-12-04,722,0,/events/info-taster-session-events/
2019-12-04,722,1,/events/info-taster-session-events/
2019-12-08,724,0,/events/info-taster-session-events/
2019-12-08,724,1,/courses/psd/
2019-12-10,726,0,/events/info-taster-session-events/
2019-12-10,726,1,/da-announcement/
2019-12-15,727,0,homepage
2019-12-15,727,1,/da-announcement/
2019-12-17,729,0,/events/other-events/
2019-12-17,729,1,homepage
2019-12-22,732,0,/courses/psd/
2019-12-22,732,1,homepage
2019-12-23,733,0,/events/info-taster-session-events/
2019-12-23,733,1,/glasgow/
2020-01-02,735,0,/glasgow/
2020-01-02,735,1,/glasgow/
2020-01-02,738,0,/events/other-events/
2020-01-02,738,1,/events/info-taster-session-events/
2020-01-04,739,0,/events/info-taster-session-events/
2020-01-04,739,1,/courses/edaid-apply/
2020-01-07,742,0,/events/glasgow/
2020-01-07,742,1,/da-announcement/
2020-01-07,744,0,homepage
2020-01-07,744,1,/courses/
2020-01-07,745,0,/the-codeclan-experience/a-typical-day/
2020-01-07,745,1,/events/info-taster-session-events/
2020-01-07,747,0,/courses/psd/
2020-01-07,747,1,/courses/psd/
2020-01-07,750,0,/events/
2020-01-07,750,1,/events/info-taster-session-events/
2020-01-08,752,0,/events/info-taster-session-events/
2020-01-08,752,1,/courses/psd/
2020-01-08,754,0,/events/info-taster-session-events/
2020-01-08,754,1,/events/info-taster-session-events/
2020-01-09,756,0,/courses/psd/thank-you-syllabus-download/
2020-01-09,756,1,/events/glasgow/
2020-01-10,757,0,/courses/psd/curriculum/
2020-01-10,757,1,homepage
2020-01-10,758,0,/events/info-taster-session-events/
2020-01-10,758,1,/events/info-taster-session-events/
2020-01-11,759,0,/courses/full-stack-web-development/
2020-01-11,759,1,homepage
2020-01-11,760,0,/courses/da/application-process/
2020-01-11,760,1,/events/info-taster-session-events/
2020-01-11,762,0,/events/info-taster-session-events/
2020-01-11,762,1,homepage
2020-01-12,764,0,/courses/da/
2020-01-12,764,1,homepage
2020-01-12,765,0,/courses/edinburgh/
2020-01-12,765,1,/courses/full-stack-web-development/
2020-01-12,767,0,homepage
2020-01-12,767,1,/courses/
2020-01-12,770,0,/courses/psd/
2020-01-12,770,1,/events/info-taster-session-events/
2020-01-12,771,0,/events/info-taster-session-events/
2020-01-12,771,1,/events/info-taster-session-events/
2020-01-13,774,0,homepage
2020-01-13,774,1,/courses/psd/
2020-01-13,776,0,/for-employers/upskill-your-staff/
2020-01-13,776,1,/courses/psd/thank-you-syllabus-download/
2020-01-14,778,0,/courses/psd/
2020-01-14,778,1,/courses/browse-all-course-dates/
2020-01-14,780,0,/events/info-taster-session-events/
2020-01-14,780,1,homepage
2020-01-15,782,0,/courses/full-stack-web-development/
2020-01-15,782,1,/blog/category/whats-new/
2020-01-15,783,0,/da-announcement/
2020-01-15,783,1,/events/info-taster-session-events/
2020-01-15,785,0,/da-announcement/
2020-01-15,785,1,/events/glasgow/
2020-01-16,787,0,/courses/psd/cost-and-funding/
2020-01-16,787,1,/courses/psd/apply/
2020-01-20,790,0,/events/info-taster-session-events/
2020-01-20,790,1,/courses/psd/
2020-01-20,792,0,/the-codeclan-experience/the-alumni/
2020-01-20,792,1,/events/
2020-01-21,794,0,/events/info-taster-session-events/
2020-01-21,794,1,/events/edinburgh/
2020-01-24,796,0,/events/edinburgh/
2020-01-24,796,1,/about-us/join-us/
2020-01-25,797,0,/glasgow/
2020-01-25,797,1,/courses/
2020-01-25,800,0,/events/glasgow/
2020-01-25,800,1,/events/
2020-01-26,802,0,/events/
2020-01-26,802,1,/events/info-taster-session-events/
2020-01-26,804,0,/events/info-taster-session-events/
2020-01-26,804,1,/courses/
2020-01-26,806,0,homepage
2020-01-26,806,1,/events/edinburgh/
2020-01-27,808,0,/events/info-taster-session-events/
2020-01-27,808,1,/events/info-taster-session-events/
2020-01-28,810,0,/events/info-taster-session-events/
2020-01-28,810,1,homepage
2020-01-28,812,0,/da-announcement/
2020-01-28,812,1,homepage
2020-01-29,814,0,homepage
2020-01-29,814,1,/events/glasgow/
2020-01-29,815,0,/courses/
2020-01-29,815,1,/courses/full-stack-web-development/
2020-01-30,817,0,homepage
2020-01-30,817,1,/courses/psd/
2020-01-31,820,0,/da-announcement/
2020-01-31,820,1,/courses/psd/
2020-01-31,821,0,/da-announcement/apply-for-da/da_application_1
2020-01-31,821,1,/events/info-taster-session-events/
2020-02-01,824,0,homepage
2020-02-01,824,1,/events/info-taster-session-events/
2020-02-03,825,0,/events/
2020-02-03,825,1,/events/glasgow/
2020-02-03,828,0,homepage
2020-02-03,828,1,homepage
2020-02-03,830,0,/courses/
2020-02-03,830,1,/da-announcement/
2020-02-03,832,0,/events/partner-events/
2020-02-03,832,1,/events/info-taster-session-events/
2020-02-03,834,0,/da-announcement/
2020-02-03,834,1,/da-announcement/
2020-02-04,835,0,homepage
2020-02-04,835,1,/da-announcement/
2020-02-04,837,0,/events/info-taster-session-events/
2020-02-04,837,1,/courses/
2020-02-05,839,0,/events/glasgow/
2020-02-05,839,1,/events/info-taster-session-events/
2020-02-05,842,0,/events/info-taster-session-events/
2020-02-05,842,1,/events/glasgow/
2020-02-07,843,0,/glasgow/
2020-02-07,843,1,/courses/psd/
2020-02-07,845,0,/events/edinburgh/
2020-02-07,845,1,/events/info-taster-session-events/
2020-02-10,847,0,/events/info-taster-session-events/
2020-02-10,847,1,/events/info-taster-session-events/
2020-02-11,850,0,homepage
2020-02-11,850,1,/events/info-taster-session-events/
2020-02-11,852,0,/courses/edinburgh/
2020-02-11,852,1,/events/info-taster-session-events/
2020-02-17,853,0,homepage
2020-02-17,853,1,/events/info-taster-session-events/
2020-02-20,855,0,/courses/edinburgh/
2020-02-20,855,1,/courses/da/
2020-02-20,858,0,/courses/psd/cost-and-funding/
2020-02-20,858,1,/courses/psd/
2020-02-21,860,0,/events/info-taster-session-events/
2020-02-21,860,1,homepage
2020-02-22,862,0,homepage
2020-02-22,862,1,/events/glasgow/
2020-02-23,864,0,/events/edinburgh/
2020-02-23,864,1,/events/info-taster-session-events/
2020-02-24,866,0,/events/info-taster-session-events/
2020-02-24,866,1,/events/info-taster-session-events/
2020-02-25,867,0,/da-announcement/apply-for-da/
2020-02-25,867,1,/events/info-taster-session-events/
2020-02-26,869,0,/courses/psd/cost-and-funding/
2020-02-26,869,1,/events/glasgow/
2020-02-27,872,0,/events/info-taster-session-events/
2020-02-27,872,1,/events/
2019-12-17,873,0,/events/glasgow/
2019-12-17,873,1,homepage
2019-12-17,873,2,homepage
2020-01-14,876,0,/digital-careers/
2020-01-14,876,1,/events/info-taster-session-events/
2020-01-14,876,2,/events/info-taster-session-events/
2020-02-03,877,0,/the-codeclan-experience/
2020-02-03,877,1,/events/edinburgh/
2020-02-03,877,2,/events/info-taster-session-events/
2020-02-06,880,0,/da-announcement/apply-for-da/da_application_1
2020-02-06,880,1,/events/edinburgh/
2020-02-06,880,2,homepage
2020-02-06,880,3,/events/info-taster-session-events/
2020-01-20,881,0,/events/edinburgh/
2020-01-20,881,1,/courses/psd/student-case-studies/
2020-01-20,881,2,/courses/psd/thank-you-syllabus-download/
2020-01-20,881,3,/events/info-taster-session-events/
2019-11-25,883,0,/da-announcement/
2019-11-25,883,1,/events/info-taster-session-events/
2019-11-25,883,2,/courses/psd/curriculum/
2019-11-25,883,3,homepage
2020-02-13,886,0,/events/glasgow/
2020-02-13,886,1,/glasgow/
2020-02-13,886,2,/glasgow/
2020-02-13,886,3,/events/info-taster-session-events/
2019-12-15,888,0,/events/
2019-12-15,888,1,/courses/psd/
2019-12-15,888,2,/glasgow/
2019-12-03,890,0,/events/info-taster-session-events/
2019-12-03,890,1,homepage
2019-12-03,890,2,/courses/psd/
2019-11-27,892,0,/events/
2019-11-27,892,1,homepage
2019-11-27,892,2,/events/info-taster-session-events/
2019-11-27,892,3,/events/info-taster-session-events/
2019-12-21,893,0,/da-announcement/
2019-12-21,893,1,/events/glasgow/
2019-12-21,893,2,/courses/full-stack-web-development/
2019-12-21,893,3,/courses/psd/
2020-01-13,895,0,/the-codeclan-experience/a-typical-day/
2020-01-13,895,1,/events/info-taster-session-events/
2020-01-13,895,2,/events/edinburgh/
2020-01-13,895,3,/events/info-taster-session-events/
2020-01-17,897,0,homepage
2020-01-17,897,1,/events/info-taster-session-events/
2020-01-17,897,2,/events/info-taster-session-events/
2020-01-17,897,3,/courses/understanding-software-development/
2020-02-26,900,0,/events/info-taster-session-events/
2020-02-26,900,1,/courses/psd/
2020-02-26,900,2,/courses/psd/
2020-02-26,900,3,/events/info-taster-session-events/
2020-01-23,901,0,/events/info-taster-session-events/
2020-01-23,901,1,homepage
2020-01-23,901,2,/events/partner-events/
2020-01-23,901,3,/events/info-taster-session-events/
2020-01-30,904,0,/enquire/
2020-01-30,904,1,/courses/psd/
2020-01-30,904,2,/da-announcement/apply-for-da/
2020-01-08,906,0,homepage
2020-01-08,906,1,/courses/psd/
2020-01-08,906,2,/courses/psd/apply/
2020-01-08,906,3,/events/
2020-01-31,907,0,homepage
2020-01-31,907,1,homepage
2020-01-31,907,2,homepage
2020-01-31,907,3,/events/info-taster-session-events/
2020-02-13,910,0,/events/
2020-02-13,910,1,/events/info-taster-session-events/
2020-02-13,910,2,/courses/full-stack-web-development/
2020-02-13,910,3,homepage
2020-01-25,912,0,/events/
2020-01-25,912,1,/events/edinburgh/
2020-01-25,912,2,/glasgow/
2020-01-25,912,3,/da-announcement/apply-for-da/
2019-11-26,914,0,/events/info-taster-session-events/
2019-11-26,914,1,/events/info-taster-session-events/
2019-11-26,914,2,/events/other-events/
2019-11-26,914,3,/courses/psd/
2020-02-03,915,0,/courses/psd/
2020-02-03,915,1,/courses/
2020-02-03,915,2,/courses/
2020-02-04,917,0,/courses/understanding-programming/
2020-02-04,917,1,/events/info-taster-session-events/
2020-02-04,917,2,/courses/psd/thank-you-syllabus-download/
2020-02-04,917,3,homepage
2019-11-21,920,0,/events/edinburgh/
2019-11-21,920,1,homepage
2019-11-21,920,2,/glasgow/
2019-11-21,920,3,/events/info-taster-session-events/
2020-02-19,922,0,/events/
2020-02-19,922,1,/events/info-taster-session-events/
2020-02-19,922,2,/courses/psd/apply/
2020-02-19,922,3,/events/alumni-events/
2019-09-05,924,0,/events/
2019-09-05,924,1,/courses/psd/
2019-09-05,924,2,/courses/
2019-09-05,924,3,/events/info-taster-session-events/
2020-02-05,926,0,/courses/
2020-02-05,926,1,/courses/r-programming/
2020-02-05,926,2,/events/edinburgh/
2020-02-05,926,3,/courses/16-week-course/apply/
2020-01-21,928,0,/events/info-taster-session-events/
2020-01-21,928,1,/courses/psd/curriculum/
2020-01-21,928,2,/events/info-taster-session-events/
2020-01-21,928,3,/events/info-taster-session-events/
2020-01-29,930,0,/events/info-taster-session-events/
2020-01-29,930,1,/courses/psd/cost-and-funding/
2020-01-29,930,2,/events/glasgow/
2020-01-29,930,3,/courses/psd/
2020-01-07,932,0,/events/info-taster-session-events/
2020-01-07,932,1,/events/info-taster-session-events/
2020-01-07,932,2,/courses/python-for-developers/
2020-01-07,932,3,homepage
2020-02-04,933,0,/courses/psd/cost-and-funding/
2020-02-04,933,1,/events/info-taster-session-events/
2020-02-04,933,2,/events/glasgow/
2020-02-04,933,3,homepage
2019-12-25,936,0,/courses/
2019-12-25,936,1,/events/info-taster-session-events/
2019-12-25,936,2,/courses/
2019-12-25,936,3,/da-announcement/
2019-09-04,937,0,/courses/full-stack-web-development/cost-and-funding/
2019-09-04,937,1,/courses/psd/
2019-09-05,940,0,/events/
2019-09-05,940,1,/glasgow/
2019-09-05,940,2,homepage
2019-09-05,940,3,/da-announcement/apply-for-da/da_application_1
2019-09-22,941,0,/events/edinburgh/
2019-09-22,941,1,/events/info-taster-session-events/
2019-09-22,941,2,/events/glasgow/
2019-09-22,941,3,/events/info-taster-session-events/
2019-11-30,944,0,/events/
2019-11-30,944,1,/events/info-taster-session-events/
2019-11-30,944,2,/courses/understanding-programming/
2019-11-30,944,3,/events/
2019-09-10,946,0,/courses/full-stack-web-development/
2019-09-10,946,1,/da-announcement/
2020-02-01,948,0,/events/info-taster-session-events/
2020-02-01,948,1,/Glasgow/
2020-02-01,948,2,/courses/psd/
2020-02-01,948,3,homepage
2019-11-13,949,0,/events/info-taster-session-events/
2019-11-13,949,1,/events/info-taster-session-events/
2019-11-13,949,2,/events/glasgow/
2020-02-12,952,0,/courses/psd/
2020-02-12,952,1,homepage
2020-02-09,954,0,/events/info-taster-session-events/
2020-02-09,954,1,/da-announcement/
2020-02-09,954,2,homepage
2020-02-09,954,3,/courses/full-stack-web-development/
2019-11-05,955,0,/events/info-taster-session-events/
2019-11-05,955,1,/events/info-taster-session-events/
2019-11-05,955,2,/glasgow/
2019-11-05,955,3,/events/edinburgh/
2019-09-09,958,0,/events/info-taster-session-events/
2019-09-09,958,1,/events/edinburgh/
2019-09-09,958,2,/events/info-taster-session-events/
2019-11-08,959,0,/da-announcement/
2019-11-08,959,1,homepage
2019-11-08,959,2,/courses/psd/
2020-01-20,962,0,/courses/
2020-01-20,962,1,/events/info-taster-session-events/
2020-01-20,962,2,/courses/psd/thank-you-syllabus-download/
2020-01-20,962,3,/events/info-taster-session-events/
2019-09-18,964,0,/da-announcement/
2019-09-18,964,1,homepage
2019-09-18,964,2,homepage
2019-09-18,964,3,/events/info-taster-session-events/
2019-11-01,965,0,/events/info-taster-session-events/
2019-11-01,965,1,/courses/psd/
2019-11-01,965,2,/courses/edinburgh/
2019-11-11,967,0,/events/info-taster-session-events/
2019-11-11,967,1,/events/info-taster-session-events/
2019-11-11,967,2,/courses/ux-design-fundamentals/
2019-11-11,967,3,/events/edinburgh/
2019-11-18,969,0,/events/
2019-11-18,969,1,/courses/psd/
2019-11-18,970,0,homepage
2019-11-18,970,1,homepage
2019-09-12,972,0,/about-us/our-team/
2019-09-12,972,1,/da-announcement/
2019-09-12,972,2,/events/info-taster-session-events/
2019-09-01,973,0,/events/
2019-09-01,973,1,/Glasgow/
2019-09-01,973,2,/events/info-taster-session-events/
2019-09-01,973,3,/courses/
2020-02-20,976,0,/da-announcement/
2020-02-20,976,1,/courses/psd/curriculum/
2020-02-20,976,2,/courses/
2020-02-21,978,0,homepage
2020-02-21,978,1,/courses/psd/apply/
2020-02-21,978,2,homepage
2020-02-21,978,3,/courses/psd/
2020-02-24,980,0,/courses/psd/
2020-02-24,980,1,/courses/psd/
2020-02-24,980,2,/events/info-taster-session-events/
2020-02-24,980,3,/events/info-taster-session-events/
2020-02-20,982,0,/events/edinburgh/
2020-02-20,982,1,/courses/psd/curriculum/
2020-02-20,982,2,/events/
2020-02-20,982,3,/courses/psd/
2019-09-30,984,0,/events/info-taster-session-events/
2019-09-30,984,1,/events/edinburgh/
2019-09-30,984,2,/courses/full-stack-web-development/
2019-09-30,984,3,/events/info-taster-session-events/
2019-10-14,985,0,/events/info-taster-session-events/
2019-10-14,985,1,/courses/
2019-10-14,985,2,/events/info-taster-session-events/
2019-11-19,988,0,homepage
2019-11-19,988,1,/events/info-taster-session-events/
2019-11-19,988,2,/events/info-taster-session-events/
2020-02-02,990,0,/events/glasgow/
2020-02-02,990,1,/da-announcement/
2020-02-02,990,2,/courses/psd/
2020-02-02,990,3,/da-announcement/apply-for-da/
2020-01-15,991,0,homepage
2020-01-15,991,1,/edinburgh/
2020-01-15,991,2,/edinburgh/
2020-01-15,991,3,/glasgow/
2020-02-23,994,0,homepage
2020-02-23,994,1,homepage
2020-02-23,994,2,homepage
2020-02-23,994,3,/courses/psd/
2020-02-09,996,0,/events/info-taster-session-events/
2020-02-09,996,1,/events/info-taster-session-events/
2020-02-09,996,2,/courses/psd/
2020-02-09,996,3,/events/info-taster-session-events/
2019-09-02,997,0,/events/edinburgh/
2019-09-02,997,1,/events/edinburgh/
2019-09-02,997,2,/the-codeclan-experience/a-typical-day/
2019-09-02,997,3,/events/info-taster-session-events/
2019-11-14,1000,0,/events/info-taster-session-events/
2019-11-14,1000,1,/events/glasgow/
2019-11-14,1000,2,/events/
2019-11-14,1000,3,/events/info-taster-session-events/
2019-11-20,1002,0,/events/info-taster-session-events/
2019-11-20,1002,1,homepage
2019-11-20,1002,2,/events/info-taster-session-events/
2019-11-20,1002,3,/courses/edinburgh/
2020-01-10,1004,0,/events/info-taster-session-events/
2020-01-10,1004,1,/events/info-taster-session-events/
2020-01-10,1004,2,/courses/psd/
2020-01-10,1004,3,/events/info-taster-session-events/
2020-01-14,1005,0,/events/info-taster-session-events/
2020-01-14,1005,1,/courses/agile-for-effective-teams/
2020-01-14,1005,2,/Glasgow/
2020-01-14,1005,3,/courses/
2019-10-01,1008,0,/events/info-taster-session-events/
2019-10-01,1008,1,/courses/psd/
2019-10-03,1010,0,homepage
2019-10-03,1010,1,/events/
2019-10-04,1012,0,/events/alumni-events/
2019-10-04,1012,1,/courses/psd/
2019-10-05,1014,0,/events/info-taster-session-events/
2019-10-05,1014,1,/courses/psd/
2019-10-05,1016,0,/courses/psd/cost-and-funding/
2019-10-05,1016,1,/courses/psd/
2019-10-21,1017,0,homepage
2019-10-21,1017,1,/events/info-taster-session-events/
2019-12-03,1019,0,/events/info-taster-session-events/
2019-12-03,1019,1,homepage
2019-12-03,1022,0,/the-codeclan-experience/the-alumni/
2019-12-03,1022,1,/events/info-taster-session-events/
2019-12-20,1023,0,/events/info-taster-session-events/
2019-12-20,1023,1,/courses/da/
2020-01-02,1026,0,/courses/psd/
2020-01-02,1026,1,/events/info-taster-session-events/
2020-01-14,1028,0,/events/info-taster-session-events/
2020-01-14,1028,1,/events/info-taster-session-events/
2020-01-26,1030,0,homepage
2020-01-26,1030,1,homepage
2020-01-27,1032,0,/courses/psd/
2020-01-27,1032,1,/courses/psd/thank-you-syllabus-download/
2020-01-31,1033,0,/events/edinburgh/
2020-01-31,1033,1,/for-employers/client-xperience/
2020-02-04,1036,0,/events/info-taster-session-events/
2020-02-04,1036,1,/events/info-taster-session-events/
2020-02-04,1038,0,/events/info-taster-session-events/
2020-02-04,1038,1,/events/info-taster-session-events/
2019-09-04,1039,0,/events/info-taster-session-events/
2019-09-04,1039,1,/events/glasgow/
2019-09-04,1039,2,/events/
2019-09-24,1042,0,/events/info-taster-session-events/
2019-09-24,1042,1,/events/partner-events/
2019-09-24,1042,2,/events/info-taster-session-events/
2019-10-09,1044,0,/events/info-taster-session-events/
2019-10-09,1044,1,/events/info-taster-session-events/
2019-10-09,1044,2,/courses/psd/
2019-11-16,1046,0,homepage
2019-11-16,1046,1,/courses/psd/thank-you-syllabus-download/
2019-11-16,1046,2,/events/info-taster-session-events/
2019-11-16,1047,0,/events/info-taster-session-events/
2019-11-16,1047,1,/events/info-taster-session-events/
2019-11-16,1047,2,/edinburgh/
2019-11-27,1050,0,/events/info-taster-session-events/
2019-11-27,1050,1,/courses/psd/
2019-11-27,1050,2,/glasgow/
2019-11-28,1051,0,/events/info-taster-session-events/
2019-11-28,1051,1,/events/info-taster-session-events/
2019-11-28,1051,2,/events/edinburgh/
2019-11-28,1054,0,homepage
2019-11-28,1054,1,/da-announcement/
2019-11-28,1054,2,/courses/psd/
2019-12-25,1056,0,/courses/psd/
2019-12-25,1056,1,/events/info-taster-session-events/
2019-12-25,1056,2,/events/glasgow/
2019-12-29,1057,0,/events/info-taster-session-events/
2019-12-29,1057,1,/events/info-taster-session-events/
2019-12-29,1057,2,/events/other-events/
2020-01-02,1060,0,/glasgow/
2020-01-02,1060,1,/events/info-taster-session-events/
2020-01-02,1060,2,/courses/
2020-01-10,1062,0,/events/glasgow/
2020-01-10,1062,1,/events/info-taster-session-events/
2020-01-10,1062,2,/courses/full-stack-web-development/cost-and-funding/
2020-01-10,1064,0,/courses/psd/
2020-01-10,1064,1,/events/info-taster-session-events/
2020-01-10,1064,2,/da-announcement/
2020-01-10,1066,0,/events/info-taster-session-events/
2020-01-10,1066,1,/events/info-taster-session-events/
2020-01-10,1066,2,/events/info-taster-session-events/
2020-01-13,1068,0,/events/info-taster-session-events/
2020-01-13,1068,1,/courses/r-programming/
2020-01-13,1068,2,homepage
2020-01-13,1070,0,/the-codeclan-experience/a-typical-day/
2020-01-13,1070,1,/events/edinburgh/
2020-01-13,1070,2,/events/info-taster-session-events/
2020-01-14,1072,0,/da-announcement/cost-and-funding/
2020-01-14,1072,1,/events/glasgow/
2020-01-14,1072,2,/events/
2020-01-15,1074,0,/events/info-taster-session-events/
2020-01-15,1074,1,/edinburgh/
2020-01-15,1074,2,/da-announcement/
2020-01-17,1076,0,/for-employers/upskill-your-staff/
2020-01-17,1076,1,/events/info-taster-session-events/
2020-01-17,1076,2,/events/info-taster-session-events/
2020-01-30,1077,0,/events/
2020-01-30,1077,1,homepage
2020-01-30,1077,2,/events/info-taster-session-events/
2020-02-03,1079,0,/courses/
2020-02-03,1079,1,/courses/psd/apply/
2020-02-03,1079,2,/events/
2020-02-05,1082,0,/events/info-taster-session-events/
2020-02-05,1082,1,/events/info-taster-session-events/
2020-02-05,1082,2,/courses/psd/
2020-02-26,1083,0,/events/edinburgh/
2020-02-26,1083,1,/events/info-taster-session-events/
2020-02-26,1083,2,/events/edinburgh/
2019-10-26,1085,0,/da-announcement/apply-for-da/
2019-10-26,1085,1,/events/glasgow/
2019-10-26,1085,2,/courses/psd/
2019-10-26,1085,3,/da-announcement/da-thank-you-for-registering-interest/
2019-11-03,1087,0,/events/glasgow/
2019-11-03,1087,1,/courses/browse-all-course-dates/
2019-11-03,1087,2,/courses/psd/
2019-11-03,1087,3,/events/info-taster-session-events/
2019-12-11,1089,0,/events/info-taster-session-events/
2019-12-11,1089,1,/events/edinburgh/
2019-12-11,1089,2,/events/info-taster-session-events/
2019-12-11,1089,3,/da-announcement/
2019-12-10,1092,0,/events/info-taster-session-events/
2019-12-10,1092,1,/courses/psd/
2019-12-10,1092,2,/events/info-taster-session-events/
2019-12-10,1092,3,/edinburgh/
2019-12-18,1094,0,/events/info-taster-session-events/
2019-12-18,1094,1,/events/glasgow/
2019-12-18,1094,2,/courses/
2019-12-18,1094,3,homepage
2019-09-04,1096,0,/da-announcement/
2019-09-04,1096,1,/courses/psd/
2019-09-04,1096,2,/glasgow/
2019-09-04,1096,3,/events/glasgow/
2020-01-04,1097,0,/courses/edinburgh/
2020-01-04,1097,1,/events/info-taster-session-events/
2020-01-04,1097,2,/events/info-taster-session-events/
2020-01-04,1097,3,/events/info-taster-session-events/
2019-12-09,1099,0,/da-announcement/apply-for-da/
2019-12-09,1099,1,/events/info-taster-session-events/
2019-12-09,1099,2,/da-announcement/
2019-12-09,1099,3,/events/edinburgh/
2019-12-09,1100,0,/events/info-taster-session-events/
2019-12-09,1100,1,homepage
2019-12-09,1100,2,homepage
2019-12-09,1100,3,/events/glasgow/
2019-09-15,1102,0,/events/glasgow/
2019-09-15,1102,1,/courses/psd/cost-and-funding/
2019-09-15,1102,2,/events/info-taster-session-events/
2019-09-24,1104,0,/events/info-taster-session-events/
2019-09-24,1104,1,/events/info-taster-session-events/
2019-09-24,1104,2,/events/glasgow/
2019-10-15,1105,0,homepage
2019-10-15,1105,1,/events/info-taster-session-events/
2019-10-15,1105,2,/events/
2019-11-20,1108,0,/courses/
2019-11-20,1108,1,homepage
2019-11-20,1108,2,/events/
2019-12-10,1109,0,/events/info-taster-session-events/
2019-12-10,1109,1,/events/
2019-12-10,1109,2,/courses/edaid-apply/
2020-01-08,1112,0,homepage
2020-01-08,1112,1,/events/
2020-01-08,1112,2,/events/info-taster-session-events/
2020-01-10,1114,0,/events/
2020-01-10,1114,1,/events/info-taster-session-events/
2020-01-10,1114,2,homepage
2020-01-12,1115,0,/courses/
2020-01-12,1115,1,/courses/psd/
2020-01-12,1115,2,/courses/full-stack-web-development/
2020-01-23,1118,0,/events/info-taster-session-events/
2020-01-23,1118,1,/courses/r-programming/
2020-01-23,1118,2,homepage
2020-02-04,1119,0,/events/info-taster-session-events/
2020-02-04,1119,1,homepage
2020-02-04,1119,2,/events/edinburgh/
2020-02-12,1121,0,/courses/psd/
2020-02-12,1121,1,/events/info-taster-session-events/
2020-02-12,1121,2,/events/info-taster-session-events/
2019-09-03,1124,0,/events/info-taster-session-events/
2019-09-03,1124,1,/glasgow/
2019-09-03,1124,2,/events/info-taster-session-events/
2019-09-03,1124,3,/events/
2019-09-09,1126,0,/da-announcement/
2019-09-09,1126,1,homepage
2019-09-09,1126,2,/events/
2019-09-09,1126,3,/events/
2019-09-23,1128,0,/courses/psd/
2019-09-23,1128,1,homepage
2019-09-23,1128,2,/da-announcement/
2019-09-23,1128,3,homepage
2019-11-26,1129,0,/events/info-taster-session-events/
2019-11-26,1129,1,/events/info-taster-session-events/
2019-11-26,1129,2,/events/info-taster-session-events/
2019-11-26,1129,3,/events/glasgow/
2020-01-05,1132,0,/events/glasgow/
2020-01-05,1132,1,homepage
2020-01-05,1132,2,/events/info-taster-session-events/
2020-01-05,1132,3,/da-announcement/
2019-09-27,1134,0,/events/
2019-09-27,1134,1,homepage
2019-09-27,1134,2,/courses/psd/
2019-09-27,1134,3,/da-announcement/
2019-09-27,1135,0,homepage
2019-09-27,1135,1,/admissions-track/
2019-09-27,1135,2,/courses/
2019-09-27,1135,3,/glasgow/
2020-01-09,1138,0,/events/info-taster-session-events/
2020-01-09,1138,1,/courses/psd/
2020-01-09,1138,2,homepage
2020-01-09,1138,3,homepage
2019-10-27,1139,0,/courses/
2019-10-27,1139,1,/da-announcement/
2019-10-27,1139,2,homepage
2019-10-27,1139,3,/events/info-taster-session-events/
2020-01-05,1142,0,homepage
2020-01-05,1142,1,/events/glasgow/
2020-01-05,1142,2,/events/info-taster-session-events/
2020-01-05,1142,3,/courses/psd/
2020-02-24,1144,0,/Edinburgh/
2020-02-24,1144,1,homepage
2020-02-24,1144,2,/about-us/our-team/
2020-02-24,1144,3,homepage
2019-09-25,1146,0,/courses/psd/
2019-09-25,1146,1,/courses/psd/
2019-09-25,1146,2,/courses/psd/
2019-09-25,1146,3,/events/info-taster-session-events/
2020-01-01,1148,0,/events/glasgow/
2020-01-01,1148,1,/events/info-taster-session-events/
2020-01-01,1148,2,/events/glasgow/
2020-01-01,1148,3,/courses/edinburgh/
2020-02-03,1150,0,homepage
2020-02-03,1150,1,/events/
2020-02-03,1150,2,/events/info-taster-session-events/
2020-02-03,1150,3,/events/info-taster-session-events/
2019-11-29,1151,0,/events/edinburgh/
2019-11-29,1151,1,/events/edinburgh/
2019-11-29,1151,2,/courses/psd/
2019-11-29,1151,3,/events/info-taster-session-events/
2019-11-17,1154,0,/courses/psd/
2019-11-17,1154,1,homepage
2019-11-17,1154,2,homepage
2019-11-17,1154,3,homepage
2020-02-03,1156,0,/Edinburgh/
2020-02-03,1156,1,/events/info-taster-session-events/
2020-02-03,1156,2,homepage
2020-02-03,1156,3,homepage
2019-09-11,1158,0,/the-codeclan-experience/a-typical-day/
2019-09-11,1158,1,/courses/
2019-09-11,1158,2,/events/edinburgh/
2020-02-04,1160,0,/glasgow/
2020-02-04,1160,1,/events/info-taster-session-events/
2020-02-04,1160,2,/events/edinburgh/
2020-01-05,1162,0,/events/edinburgh/
2020-01-05,1162,1,homepage
2020-01-05,1162,2,/courses/edinburgh/
2020-01-05,1162,3,/courses/
2019-12-04,1164,0,/events/info-taster-session-events/
2019-12-04,1164,1,/events/info-taster-session-events/
2019-12-04,1164,2,/events/edinburgh/
2019-12-04,1164,3,/events/info-taster-session-events/
2020-01-06,1166,0,/courses/psd/curriculum/
2020-01-06,1166,1,/blog/our-guide-to-funding-our-full-time-courses/
2020-01-06,1166,2,/events/glasgow/
2020-01-06,1166,3,/events/info-taster-session-events/
2020-01-07,1167,0,/courses/glasgow/
2020-01-07,1167,1,/da-announcement/apply-for-da/da_application_2
2020-01-07,1167,2,homepage
2020-01-07,1167,3,/events/info-taster-session-events/
2020-02-24,1170,0,/courses/psd/
2020-02-24,1170,1,/courses/
2020-02-24,1170,2,/events/glasgow/
2020-02-24,1170,3,/events/info-taster-session-events/
2020-01-23,1172,0,/events/info-taster-session-events/
2020-01-23,1172,1,/events/info-taster-session-events/
2020-01-23,1172,2,homepage
2020-01-23,1172,3,/events/info-taster-session-events/
2019-12-13,1174,0,/events/info-taster-session-events/
2019-12-13,1174,1,/courses/psd/
2019-12-13,1174,2,/events/info-taster-session-events/
2019-12-13,1174,3,/events/info-taster-session-events/
2019-09-24,1176,0,/da-announcement/
2019-09-24,1176,1,/glasgow/
2019-09-24,1176,2,/events/info-taster-session-events/
2019-09-24,1176,3,/courses/r-programming/
2020-02-24,1178,0,/courses/
2020-02-24,1178,1,/events/info-taster-session-events/
2020-02-24,1178,2,homepage
2020-02-24,1178,3,/courses/edinburgh/
2020-02-03,1179,0,/events/other-events/
2020-02-03,1179,1,/events/info-taster-session-events/
2020-02-03,1179,2,/courses/psd/curriculum/
2020-02-03,1179,3,/events/glasgow/
2019-12-20,1182,0,/courses/
2019-12-20,1182,1,/events/info-taster-session-events/
2019-12-20,1182,2,/courses/psd/cost-and-funding/
2019-10-01,1184,0,/about-us/our-team/
2019-10-01,1184,1,/events/info-taster-session-events/
2019-10-01,1184,2,/courses/psd/
2019-10-01,1184,3,/da-announcement/
2019-10-03,1186,0,homepage
2019-10-03,1186,1,homepage
2019-10-03,1186,2,/the-codeclan-experience/a-typical-day/
2019-10-03,1186,3,/glasgow/
2019-11-14,1188,0,/edinburgh/
2019-11-14,1188,1,/events/edinburgh/
2019-11-14,1188,2,homepage
2019-11-14,1188,3,homepage
2020-01-31,1189,0,/edinburgh/
2020-01-31,1189,1,homepage
2020-01-31,1189,2,/events/
2020-01-31,1189,3,/edinburgh/
2020-01-31,1190,0,homepage
2020-01-31,1190,1,/events/info-taster-session-events/
2020-01-31,1190,2,homepage
2020-01-31,1190,3,/courses/
2019-10-11,1191,0,/events/info-taster-session-events/
2019-10-11,1191,1,/events/
2019-10-11,1191,2,/courses/ux-design-fundamentals/
2019-10-11,1191,3,/enquire/
2019-10-17,1193,0,/da-announcement/
2019-10-17,1193,1,homepage
2019-10-17,1193,2,/events/info-taster-session-events/
2019-10-17,1193,3,/events/
2019-11-01,1195,0,homepage
2019-11-01,1195,1,/for-employers/upskill-your-staff/
2019-11-01,1195,2,/events/glasgow/
2019-11-01,1195,3,/da-announcement/
2020-01-12,1198,0,/events/glasgow/
2020-01-12,1198,1,/Glasgow/
2020-01-12,1198,2,/glasgow/
2020-01-12,1198,3,/events/info-taster-session-events/
2020-01-30,1200,0,homepage
2020-01-30,1200,1,/events/info-taster-session-events/
2020-01-30,1200,2,/events/info-taster-session-events/
2020-01-30,1200,3,/events/info-taster-session-events/
2020-01-18,1202,0,homepage
2020-01-18,1202,1,/events/info-taster-session-events/
2020-01-18,1202,2,homepage
2020-01-18,1202,3,/courses/browse-all-course-dates/
2019-09-17,1204,0,/da-announcement/
2019-09-17,1204,1,/courses/psd/
2019-09-17,1204,2,/da-announcement/apply-for-da/da_application_2
2019-09-17,1204,3,/events/
2019-10-27,1205,0,/blog/7-reasons-to-study-da-at-codeclan/
2019-10-27,1205,1,/the-codeclan-experience/a-typical-day/
2019-10-27,1205,2,/events/info-taster-session-events/
2019-10-27,1205,3,/courses/
2019-09-28,1208,0,/blog/author/codeclan/
2019-09-28,1208,1,/events/info-taster-session-events/
2019-09-28,1208,2,/courses/
2019-09-28,1208,3,/events/info-taster-session-events/
2019-09-29,1210,0,/courses/glasgow/
2019-09-29,1210,1,homepage
2019-09-29,1210,2,/courses/full-stack-web-development/
2019-09-29,1210,3,/events/info-taster-session-events/
2020-01-12,1211,0,/events/info-taster-session-events/
2020-01-12,1211,1,homepage
2020-01-12,1211,2,/events/
2020-01-12,1211,3,homepage
2020-01-14,1213,0,/events/info-taster-session-events/
2020-01-14,1213,1,/events/info-taster-session-events/
2020-01-14,1213,2,/events/
2020-01-14,1213,3,/events/edinburgh/
2020-02-03,1216,0,/courses/psd/
2020-02-03,1216,1,/courses/psd/curriculum/
2020-02-03,1216,2,/events/info-taster-session-events/
2020-02-03,1216,3,/events/edinburgh/
2020-02-03,1217,0,/Glasgow/
2020-02-03,1217,1,homepage
2020-02-03,1217,2,/courses/psd/curriculum/
2020-02-03,1217,3,/events/info-taster-session-events/
2019-09-04,1220,0,/events/info-taster-session-events/
2019-09-04,1220,1,/events/other-events/
2019-09-04,1220,2,/courses/psd/
2019-09-04,1220,3,/events/info-taster-session-events/
2019-11-27,1221,0,/events/info-taster-session-events/
2019-11-27,1221,1,/Glasgow/
2019-11-27,1221,2,/events/info-taster-session-events/
2019-11-27,1221,3,homepage
2020-01-20,1223,0,/about-us/join-us/
2020-01-20,1223,1,/events/info-taster-session-events/
2020-01-20,1223,2,/events/edinburgh/
2020-01-20,1223,3,/courses/psd/
2020-02-05,1226,0,/courses/psd/
2020-02-05,1226,1,homepage
2020-02-05,1226,2,homepage
2020-02-05,1226,3,/glasgow/
2019-12-10,1227,0,/events/info-taster-session-events/
2019-12-10,1227,1,homepage
2019-12-10,1227,2,/events/info-taster-session-events/
2019-12-10,1227,3,/courses/psd/
2019-10-14,1229,0,/events/info-taster-session-events/
2019-10-14,1229,1,/events/info-taster-session-events/
2019-10-14,1229,2,/events/info-taster-session-events/
2019-10-14,1229,3,/events/info-taster-session-events/
2020-01-28,1232,0,/events/info-taster-session-events/
2020-01-28,1232,1,/events/info-taster-session-events/
2020-01-28,1232,2,/courses/understanding-programming/
2020-01-28,1232,3,homepage
2020-02-03,1234,0,/events/
2020-02-03,1234,1,homepage
2020-02-03,1234,2,/events/info-taster-session-events/
2020-02-03,1234,3,/courses/
2020-01-20,1236,0,/da-announcement/
2020-01-20,1236,1,homepage
2020-01-20,1236,2,/events/
2019-11-18,1238,0,homepage
2019-11-18,1238,1,/events/info-taster-session-events/
2019-11-18,1238,2,/events/glasgow/
2019-11-18,1238,3,/events/glasgow/
2019-11-25,1240,0,/courses/
2019-11-25,1240,1,/events/edinburgh/
2019-11-25,1240,2,/events/edinburgh/
2019-11-25,1240,3,/events/info-taster-session-events/
2019-12-30,1241,0,/events/info-taster-session-events/
2019-12-30,1241,1,homepage
2019-12-30,1241,2,/events/info-taster-session-events/
2019-09-09,1244,0,homepage
2019-09-09,1244,1,/events/info-taster-session-events/
2019-09-09,1244,2,/events/info-taster-session-events/
2019-09-09,1244,3,/courses/psd/curriculum/
2019-12-30,1245,0,/events/info-taster-session-events/
2019-12-30,1245,1,homepage
2019-12-30,1245,2,/courses/psd/cost-and-funding/
2019-12-30,1245,3,/events/info-taster-session-events/
2020-01-29,1248,0,/courses/bespoke-courses/
2020-01-29,1248,1,homepage
2020-01-29,1248,2,homepage
2020-01-29,1248,3,/courses/psd/
2019-09-07,1250,0,/glasgow/
2019-09-07,1250,1,homepage
2019-09-07,1250,2,/da-announcement/
2019-09-07,1250,3,/events/glasgow/
2020-02-21,1252,0,/events/info-taster-session-events/
2020-02-21,1252,1,/events/edinburgh/
2020-02-21,1252,2,/events/info-taster-session-events/
2020-02-21,1252,3,/events/
2019-09-09,1254,0,/courses/psd/
2019-09-09,1254,1,/courses/full-stack-web-development/
2019-09-09,1254,2,/events/info-taster-session-events/
2019-09-09,1254,3,/events/info-taster-session-events/
2020-02-25,1256,0,/da-announcement/
2020-02-25,1256,1,/courses/
2020-02-25,1256,2,/da-announcement/
2020-02-26,1258,0,/events/info-taster-session-events/
2020-02-26,1258,1,/courses/edaid-apply/
2020-02-26,1258,2,homepage
2020-02-26,1258,3,/events/info-taster-session-events/
2019-09-05,1260,0,/da-announcement/
2019-09-05,1260,1,/events/info-taster-session-events/
2019-09-05,1260,2,/courses/psd/cost-and-funding/
2019-09-05,1260,3,/events/info-taster-session-events/
2019-09-15,1262,0,/events/edinburgh/
2019-09-15,1262,1,/courses/understanding-programming/
2019-09-15,1262,2,/events/other-events/
2019-09-15,1262,3,/Edinburgh/
2019-09-09,1264,0,/events/glasgow/
2019-09-09,1264,1,/events/info-taster-session-events/
2019-09-09,1264,2,/glasgow/
2019-09-09,1264,3,homepage
2019-12-28,1265,0,/events/info-taster-session-events/
2019-12-28,1265,1,/events/info-taster-session-events/
2019-12-28,1265,2,/courses/
2019-12-28,1265,3,/glasgow/
2019-09-17,1268,0,/da-announcement/da-thank-you-for-registering-interest/
2019-09-17,1268,1,homepage
2019-12-18,1270,0,/events/info-taster-session-events/
2019-12-18,1270,1,/events/
2019-12-18,1270,2,/events/info-taster-session-events/
2019-12-18,1270,3,/events/info-taster-session-events/
2019-09-16,1272,0,/courses/psd/
2019-09-16,1272,1,/events/info-taster-session-events/
2019-09-16,1272,2,/events/info-taster-session-events/
2019-09-16,1272,3,/events/info-taster-session-events/
2019-09-03,1273,0,/da-announcement/
2019-09-03,1273,1,/courses/psd/apply/
2019-09-03,1273,2,homepage
2019-09-03,1273,3,homepage
2019-09-02,1276,0,/courses/psd/cost-and-funding/
2019-09-02,1276,1,/courses/psd/student-case-studies/
2019-09-02,1276,2,homepage
2019-09-02,1276,3,/courses/edinburgh/
2019-09-09,1278,0,/events/info-taster-session-events/
2019-09-09,1278,1,homepage
2019-09-09,1278,2,/Glasgow/
2019-09-09,1278,3,/events/glasgow/
2020-02-07,1279,0,homepage
2020-02-07,1279,1,homepage
2020-02-07,1279,2,homepage
2020-02-07,1279,3,homepage
2020-01-29,1281,0,/the-codeclan-experience/the-alumni/
2020-01-29,1281,1,homepage
2020-01-29,1281,2,homepage
2020-01-29,1281,3,/courses/psd/
2020-01-14,1283,0,/glasgow/
2020-01-14,1283,1,homepage
2020-01-14,1283,2,/courses/
2020-01-14,1283,3,/courses/psd/cost-and-funding/
2019-09-05,1286,0,/events/info-taster-session-events/
2019-09-05,1286,1,/events/info-taster-session-events/
2019-09-05,1286,2,/da-announcement/cost-and-funding/
2019-09-02,1288,0,/events/edinburgh/
2019-09-02,1288,1,/courses/psd/
2019-09-02,1288,2,/courses/bespoke-courses/
2019-09-02,1288,3,/events/alumni-events/
2019-09-04,1290,0,/events/
2019-09-04,1290,1,/events/info-taster-session-events/
2019-09-04,1290,2,homepage
2019-09-04,1290,3,homepage
2019-10-10,1292,0,/events/info-taster-session-events/
2019-10-10,1292,1,/events/edinburgh/
2019-09-16,1294,0,/courses/full-stack-web-development/
2019-09-16,1294,1,/events/info-taster-session-events/
2019-09-16,1294,2,homepage
2019-09-16,1294,3,/events/info-taster-session-events/
2019-09-03,1296,0,/events/edinburgh/
2019-09-03,1296,1,/events/info-taster-session-events/
2019-09-03,1296,2,homepage
2019-09-03,1296,3,/courses/da/apply/
2019-11-06,1297,0,/courses/psd/
2019-11-06,1297,1,/courses/edinburgh/
2019-11-06,1297,2,/blog/da-r-programming/
2019-11-06,1297,3,/courses/full-stack-web-development/
2020-01-28,1300,0,/glasgow/
2020-01-28,1300,1,/events/partner-events/
2020-01-28,1300,2,/events/glasgow/
2020-01-28,1300,3,/events/edinburgh/
2019-10-08,1302,0,/events/info-taster-session-events/
2019-10-08,1302,1,/courses/browse-all-course-dates/
2019-10-08,1302,2,homepage
2019-09-24,1304,0,/courses/psd/
2019-09-24,1304,1,/courses/psd/apply/
2019-09-24,1304,2,homepage
2019-09-24,1304,3,/glasgow/
2019-09-12,1305,0,/courses/full-stack-web-development/cost-and-funding/
2019-09-12,1305,1,/events/
2019-09-18,1307,0,/events/info-taster-session-events/
2019-09-18,1307,1,/events/glasgow/
2019-09-25,1310,0,/events/glasgow/
2019-09-25,1310,1,/events/info-taster-session-events/
2019-09-25,1311,0,/events/info-taster-session-events/
2019-09-25,1311,1,/courses/
2019-10-08,1314,0,homepage
2019-10-08,1314,1,homepage
2019-10-21,1315,0,/da-announcement/apply-for-da/
2019-10-21,1315,1,/courses/da/
2019-11-19,1318,0,/events/info-taster-session-events/
2019-11-19,1318,1,/events/info-taster-session-events/
2019-11-27,1319,0,/events/edinburgh/
2019-11-27,1319,1,homepage
2019-11-28,1322,0,/courses/psd/curriculum/
2019-11-28,1322,1,/events/info-taster-session-events/
2019-11-30,1323,0,/events/info-taster-session-events/
2019-11-30,1323,1,/courses/psd/cost-and-funding/
2019-11-30,1326,0,/events/glasgow/
2019-11-30,1326,1,/events/info-taster-session-events/
2019-12-12,1328,0,/events/info-taster-session-events/
2019-12-12,1328,1,/events/info-taster-session-events/
2020-02-02,1330,0,/the-codeclan-experience/a-typical-day/
2020-02-02,1330,1,/events/info-taster-session-events/
2020-02-18,1331,0,/digital-careers/
2020-02-18,1331,1,/courses/psd/
2019-09-02,1334,0,/events/info-taster-session-events/
2019-09-02,1334,1,/courses/psd/curriculum/
2019-09-02,1334,2,/events/info-taster-session-events/
2019-09-13,1335,0,/events/info-taster-session-events/
2019-09-13,1335,1,/da-announcement/
2019-09-13,1335,2,/events/info-taster-session-events/
2019-09-13,1336,0,/events/alumni-events/
2019-09-13,1336,1,/events/info-taster-session-events/
2019-09-13,1336,2,/events/info-taster-session-events/
2019-09-20,1338,0,/events/info-taster-session-events/
2019-09-20,1338,1,/glasgow/
2019-09-20,1338,2,/events/edinburgh/
2019-09-23,1340,0,/events/info-taster-session-events/
2019-09-23,1340,1,homepage
2019-09-23,1340,2,/events/info-taster-session-events/
2019-10-15,1341,0,homepage
2019-10-15,1341,1,/courses/edinburgh/
2019-10-15,1341,2,/courses/ux-design-fundamentals/
2019-10-23,1343,0,homepage
2019-10-23,1343,1,/events/
2019-10-23,1343,2,/da-announcement/dacourse-application-process/
2019-10-28,1345,0,/courses/psd/
2019-10-28,1345,1,/events/info-taster-session-events/
2019-10-28,1345,2,/glasgow/
2019-11-27,1347,0,homepage
2019-11-27,1347,1,/events/glasgow/
2019-11-27,1347,2,/courses/edinburgh/
2019-12-15,1350,0,/events/info-taster-session-events/
2019-12-15,1350,1,/the-codeclan-experience/a-typical-day/
2019-12-15,1350,2,/courses/
2019-12-16,1352,0,/events/info-taster-session-events/
2019-12-16,1352,1,/courses/psd/curriculum/
2019-12-16,1352,2,/events/info-taster-session-events/
2019-12-27,1354,0,/events/info-taster-session-events/
2019-12-27,1354,1,/events/edinburgh/
2019-12-27,1354,2,/events/info-taster-session-events/
2020-01-02,1355,0,/da-announcement/
2020-01-02,1355,1,homepage
2020-01-02,1355,2,/glasgow/
2020-01-11,1358,0,/courses/psd/apply/
2020-01-11,1358,1,/edinburgh/
2020-01-11,1358,2,/events/info-taster-session-events/
2020-01-29,1359,0,/events/info-taster-session-events/
2020-01-29,1359,1,/events/info-taster-session-events/
2020-01-29,1359,2,/courses/
2020-01-30,1362,0,/courses/psd/
2020-01-30,1362,1,/courses/psd/
2020-01-30,1362,2,/events/glasgow/
2020-02-04,1363,0,homepage
2020-02-04,1363,1,/events/info-taster-session-events/
2020-02-04,1363,2,/events/glasgow/
2020-02-12,1366,0,/courses/psd/apply/
2020-02-12,1366,1,/events/edinburgh/
2020-02-12,1366,2,/events/info-taster-session-events/
2020-02-01,1368,0,/events/info-taster-session-events/
2020-02-01,1368,1,/courses/psd/
2020-02-01,1368,2,/edinburgh/
2020-02-01,1368,3,/events/glasgow/
2019-11-07,1369,0,homepage
2019-11-07,1369,1,/courses/psd/
2019-11-07,1369,2,/events/info-taster-session-events/
2019-11-07,1369,3,/courses/psd/
2019-10-20,1371,0,/da-announcement/
2019-10-20,1371,1,/courses/psd/apply/
2019-10-20,1371,2,/events/info-taster-session-events/
2019-10-20,1371,3,/for-employers/community-outreach/
2019-10-26,1373,0,/courses/psd/
2019-10-26,1373,1,/courses/
2019-10-26,1373,2,/courses/psd/
2019-10-26,1373,3,/events/info-taster-session-events/
2019-12-18,1376,0,/events/other-events/
2019-12-18,1376,1,homepage
2019-12-18,1376,2,/about-us/
2019-12-18,1376,3,homepage
2019-09-05,1378,0,/events/glasgow/
2019-09-05,1378,1,/events/
2019-09-05,1378,2,/for-employers/upskill-your-staff/
2019-09-05,1378,3,/events/info-taster-session-events/
2019-12-30,1380,0,/events/info-taster-session-events/
2019-12-30,1380,1,/events/info-taster-session-events/
2019-12-30,1380,2,/events/info-taster-session-events/
2019-12-30,1380,3,homepage
2019-09-26,1382,0,/events/info-taster-session-events/
2019-09-26,1382,1,/events/
2019-09-26,1382,2,/for-employers/
2019-09-26,1382,3,/events/info-taster-session-events/
2019-11-29,1384,0,/events/info-taster-session-events/
2019-11-29,1384,1,homepage
2019-11-29,1384,2,/events/info-taster-session-events/
2019-11-29,1384,3,/da-announcement/
2019-09-08,1386,0,/events/info-taster-session-events/
2019-09-08,1386,1,/da-announcement/
2019-09-08,1386,2,/events/info-taster-session-events/
2020-01-17,1387,0,homepage
2020-01-17,1387,1,/courses/
2020-01-17,1387,2,/events/info-taster-session-events/
2020-01-17,1387,3,/events/glasgow/
2019-09-19,1390,0,/courses/understanding-programming/
2019-09-19,1390,1,homepage
2019-09-19,1390,2,/enquire/
2019-09-19,1390,3,/digital-careers/
2019-09-23,1392,0,/glasgow/
2019-09-23,1392,1,/courses/psd/
2019-09-23,1392,2,/events/info-taster-session-events/
2019-09-23,1392,3,/blog/meet-the-graduates-who-quit-their-jobs-to-learn-how-to-code/
2019-12-14,1394,0,/events/
2019-12-14,1394,1,/courses/psd/
2019-12-14,1394,2,/courses/psd/cost-and-funding/
2019-12-14,1394,3,/courses/browse-all-course-dates/
2019-09-03,1395,0,/events/info-taster-session-events/
2019-09-03,1395,1,/courses/full-stack-web-development/
2019-09-03,1395,2,/courses/psd/
2019-09-03,1395,3,/courses/agile-for-effective-teams/
2019-10-01,1398,0,/courses/
2019-10-01,1398,1,/events/edinburgh/
2019-10-01,1398,2,/events/info-taster-session-events/
2019-10-01,1398,3,/events/info-taster-session-events/
2019-09-03,1400,0,/events/info-taster-session-events/
2019-09-03,1400,1,/events/info-taster-session-events/
2019-09-03,1400,2,/events/
2019-09-03,1400,3,/courses/python-for-developers/
2019-09-03,1402,0,/events/info-taster-session-events/
2019-09-03,1402,1,homepage
2019-09-03,1402,2,/courses/
2019-09-03,1402,3,/events/edinburgh/
2019-10-04,1404,0,/events/info-taster-session-events/
2019-10-04,1404,1,/events/info-taster-session-events/
2019-10-04,1404,2,/events/info-taster-session-events/
2019-10-04,1404,3,/events/info-taster-session-events/
2019-10-03,1406,0,/the-codeclan-experience/the-alumni/
2019-10-03,1406,1,/events/info-taster-session-events/
2019-10-03,1406,2,/events/alumni-events/
2019-10-03,1406,3,homepage
2019-11-28,1407,0,/events/info-taster-session-events/
2019-11-28,1407,1,homepage
2019-11-28,1407,2,/courses/
2019-11-28,1407,3,/events/edinburgh/
2020-01-14,1410,0,/events/partner-events/
2020-01-14,1410,1,/events/glasgow/
2020-01-14,1410,2,/da-announcement/
2020-01-14,1410,3,/events/info-taster-session-events/
2019-09-03,1411,0,/events/info-taster-session-events/
2019-09-03,1411,1,/events/info-taster-session-events/
2019-09-03,1411,2,/events/info-taster-session-events/
2019-09-03,1411,3,/events/info-taster-session-events/
2019-09-10,1414,0,/events/info-taster-session-events/
2019-09-10,1414,1,/courses/psd/
2019-09-10,1414,2,/events/info-taster-session-events/
2019-09-10,1414,3,/events/info-taster-session-events/
2020-01-31,1415,0,/blog/category/employers/
2020-01-31,1415,1,homepage
2020-01-31,1415,2,/da-announcement/
2020-01-31,1415,3,/events/
2019-12-23,1417,0,/courses/psd/
2019-12-23,1417,1,/events/info-taster-session-events/
2019-12-23,1417,2,homepage
2019-12-23,1417,3,/events/
2019-10-01,1420,0,/events/info-taster-session-events/
2019-10-01,1420,1,/edinburgh/
2019-10-01,1420,2,/updates/newsletter-thank-you/
2019-12-28,1422,0,/events/info-taster-session-events/
2019-12-28,1422,1,/courses/psd/
2019-12-28,1422,2,/courses/full-stack-web-development/
2019-11-30,1424,0,/courses/full-stack-web-development/cost-and-funding/
2019-11-30,1424,1,/events/info-taster-session-events/
2019-11-30,1424,2,/events/info-taster-session-events/
2019-11-30,1424,3,/events/info-taster-session-events/
2019-09-18,1426,0,/da-announcement/
2019-09-18,1426,1,/courses/psd/
2019-09-18,1426,2,/Edinburgh/
2019-09-18,1426,3,/da-announcement/
2019-10-22,1427,0,/events/info-taster-session-events/
2019-10-22,1427,1,/courses/full-stack-web-development/
2019-10-22,1427,2,/events/info-taster-session-events/
2019-10-22,1427,3,/events/
2019-11-27,1430,0,homepage
2019-11-27,1430,1,/events/info-taster-session-events/
2019-11-27,1430,2,/courses/psd/
2019-11-27,1430,3,homepage
2020-01-11,1432,0,homepage
2020-01-11,1432,1,/events/glasgow/
2020-01-11,1432,2,/events/edinburgh/
2020-01-11,1432,3,/events/info-taster-session-events/
2019-10-09,1434,0,/events/info-taster-session-events/
2019-10-09,1434,1,/courses/understanding-programming/
2019-10-09,1434,2,/events/info-taster-session-events/
2019-10-09,1434,3,/courses/
2019-10-25,1435,0,/courses/full-stack-web-development/
2019-10-25,1435,1,homepage
2019-10-25,1435,2,/courses/understanding-programming/
2019-10-25,1435,3,/events/
2020-01-26,1438,0,/events/glasgow/
2020-01-26,1438,1,homepage
2020-01-26,1438,2,/events/info-taster-session-events/
2020-01-26,1438,3,/courses/r-programming/
2020-01-10,1439,0,/edinburgh/
2020-01-10,1439,1,homepage
2020-01-10,1439,2,/enquire/
2020-01-10,1439,3,/events/edinburgh/
2019-11-22,1441,0,/events/info-taster-session-events/
2019-11-22,1441,1,/da-announcement/
2019-11-22,1441,2,/da-announcement/da-thank-you-for-registering-interest/
2019-11-22,1441,3,/events/info-taster-session-events/
2019-10-01,1443,0,/events/info-taster-session-events/
2019-10-01,1443,1,/events/info-taster-session-events/
2019-10-01,1443,2,/events/info-taster-session-events/
2019-10-01,1443,3,/da-announcement/
2020-01-13,1446,0,/da-announcement/
2020-01-13,1446,1,/courses/
2020-01-13,1446,2,/courses/psd/cost-and-funding/
2020-01-13,1446,3,/courses/psd/
2019-12-22,1447,0,/events/info-taster-session-events/
2019-12-22,1447,1,/events/info-taster-session-events/
2019-12-22,1447,2,/events/glasgow/
2019-12-22,1447,3,/events/info-taster-session-events/
2020-01-13,1449,0,homepage
2020-01-13,1449,1,/events/
2020-01-13,1449,2,/courses/inverness/
2020-01-13,1449,3,/courses/psd/
2019-10-29,1451,0,/events/info-taster-session-events/
2019-10-29,1451,1,/events/info-taster-session-events/
2019-09-21,1453,0,/events/info-taster-session-events/
2019-09-21,1453,1,/courses/psd/cost-and-funding/
2019-09-21,1454,0,homepage
2019-09-21,1454,1,/courses/psd/apply/
2020-01-13,1455,0,/events/info-taster-session-events/
2020-01-13,1455,1,/da-announcement/
2020-01-13,1455,2,/da-announcement/
2020-01-13,1455,3,/courses/psd/curriculum/
2019-09-24,1458,0,homepage
2019-09-24,1458,1,/events/info-taster-session-events/
2019-09-24,1458,2,homepage
2019-09-24,1458,3,/da-announcement/
2019-10-04,1460,0,homepage
2019-10-04,1460,1,/da-announcement/apply-for-da/da_application_1
2019-10-04,1460,2,/events/info-taster-session-events/
2019-10-04,1460,3,/events/
2019-10-10,1462,0,/courses/psd/thank-you-syllabus-download/
2019-10-10,1462,1,/events/
2019-10-10,1462,2,/courses/psd/cost-and-funding/
2019-10-10,1462,3,/about-us/
2019-11-04,1463,0,/events/info-taster-session-events/
2019-11-04,1463,1,/events/info-taster-session-events/
2019-11-04,1463,2,/events/glasgow/
2019-11-04,1463,3,/events/edinburgh/
2019-09-02,1465,0,homepage
2019-09-02,1465,1,homepage
2019-09-02,1465,2,/events/glasgow/
2020-01-09,1467,0,/events/info-taster-session-events/
2020-01-09,1467,1,/courses/
2020-01-09,1467,2,/courses/edinburgh/
2020-01-09,1467,3,/events/info-taster-session-events/
2019-09-15,1469,0,/courses/psd/apply/
2019-09-15,1469,1,/events/info-taster-session-events/
2019-09-15,1469,2,/events/info-taster-session-events/
2019-09-15,1469,3,/events/
2019-10-02,1471,0,/events/info-taster-session-events/
2019-10-02,1471,1,/events/info-taster-session-events/
2019-10-02,1472,0,/events/edinburgh/
2019-10-02,1472,1,/events/info-taster-session-events/
2020-02-20,1474,0,/events/info-taster-session-events/
2020-02-20,1474,1,/courses/psd/
2019-09-13,1476,0,/events/info-taster-session-events/
2019-09-13,1476,1,/courses/understanding-programming/
2019-09-13,1476,2,/events/info-taster-session-events/
2019-09-13,1476,3,/courses/understanding-programming/
2020-01-13,1478,0,homepage
2020-01-13,1478,1,/Edinburgh/
2020-02-26,1480,0,/events/glasgow/
2020-02-26,1480,1,/events/partner-events/
2019-09-09,1482,0,homepage
2019-09-09,1482,1,homepage
2019-09-09,1482,2,/Glasgow/
2019-09-12,1483,0,/events/info-taster-session-events/
2019-09-12,1483,1,/events/glasgow/
2019-10-10,1485,0,homepage
2019-10-10,1485,1,homepage
2019-10-21,1487,0,/courses/psd/cost-and-funding/
2019-10-21,1487,1,/digital-careers/
2019-11-12,1489,0,/courses/r-programming/
2019-11-12,1489,1,/courses/
2019-11-26,1492,0,/courses/browse-all-course-dates/
2019-11-26,1492,1,/events/
2019-12-09,1493,0,/courses/ux-design-fundamentals/
2019-12-09,1493,1,/events/
2019-12-21,1495,0,/about-us/
2019-12-21,1495,1,/events/
2020-01-14,1497,0,/events/info-taster-session-events/
2020-01-14,1497,1,/events/info-taster-session-events/
2020-02-01,1500,0,/events/edinburgh/
2020-02-01,1500,1,/glasgow/
2020-02-06,1502,0,/courses/psd/cost-and-funding/
2020-02-06,1502,1,/courses/glasgow/
2019-09-13,1504,0,/events/info-taster-session-events/
2019-09-13,1504,1,/events/info-taster-session-events/
2019-09-13,1504,2,/da-announcement/
2019-10-07,1506,0,/events/info-taster-session-events/
2019-10-07,1506,1,/courses/psd/
2019-10-07,1506,2,/courses/edinburgh/
2019-10-07,1508,0,/courses/psd/thank-you-syllabus-download/
2019-10-07,1508,1,/courses/full-stack-web-development/
2019-10-07,1508,2,/events/edinburgh/
2019-10-10,1510,0,/courses/psd/
2019-10-10,1510,1,/events/edinburgh/
2019-10-10,1510,2,/events/info-taster-session-events/
2019-10-10,1512,0,/events/info-taster-session-events/
2019-10-10,1512,1,/events/partner-events/
2019-10-10,1512,2,/courses/psd/
2019-10-21,1513,0,/events/info-taster-session-events/
2019-10-21,1513,1,/courses/psd/
2019-10-21,1513,2,/courses/edaid-apply/
2019-11-09,1515,0,/courses/
2019-11-09,1515,1,/events/info-taster-session-events/
2019-11-09,1515,2,homepage
2019-11-17,1518,0,/courses/psd/apply/
2019-11-17,1518,1,/courses/glasgow/
2019-11-17,1518,2,/enquire/
2019-11-26,1519,0,/events/info-taster-session-events/
2019-11-26,1519,1,/events/info-taster-session-events/
2019-11-26,1519,2,/events/
2019-11-30,1521,0,/events/info-taster-session-events/
2019-11-30,1521,1,/courses/
2019-11-30,1521,2,/events/info-taster-session-events/
2019-12-03,1524,0,/courses/
2019-12-03,1524,1,/events/
2019-12-03,1524,2,/events/info-taster-session-events/
2019-09-08,1526,0,/glasgow/
2019-09-08,1526,1,/events/info-taster-session-events/
2019-09-08,1526,2,/events/info-taster-session-events/
2019-09-08,1526,3,/da-announcement/
2019-10-17,1527,0,homepage
2019-10-17,1527,1,homepage
2019-10-17,1527,2,/events/info-taster-session-events/
2019-10-17,1527,3,/courses/full-stack-web-development/cost-and-funding/
2020-01-08,1530,0,/events/info-taster-session-events/
2020-01-08,1530,1,/courses/
2020-01-08,1530,2,/events/info-taster-session-events/
2020-01-08,1530,3,homepage
2019-10-14,1531,0,/about-us/
2019-10-14,1531,1,/events/info-taster-session-events/
2019-10-14,1531,2,homepage
2019-10-14,1531,3,/about-us/our-team/
2019-09-02,1534,0,/courses/browse-all-course-dates/
2019-09-02,1534,1,/events/info-taster-session-events/
2019-09-02,1534,2,homepage
2019-09-02,1534,3,/glasgow/
2019-09-23,1536,0,/events/info-taster-session-events/
2019-09-23,1536,1,/courses/psd/
2019-09-23,1536,2,/events/info-taster-session-events/
2019-09-23,1536,3,/courses/
2019-12-02,1538,0,/edinburgh/
2019-12-02,1538,1,/courses/psd/curriculum/
2019-12-02,1538,2,/courses/psd/student-case-studies/
2019-11-17,1540,0,homepage
2019-11-17,1540,1,/events/info-taster-session-events/
2019-11-17,1540,2,/da-announcement/
2019-11-17,1540,3,homepage
2019-11-06,1541,0,/da-announcement/apply-for-da/da_application_2
2019-11-06,1541,1,/courses/psd/cost-and-funding/
2019-11-06,1541,2,/events/info-taster-session-events/
2019-11-06,1541,3,/courses/psd/apply/
2019-10-14,1543,0,/courses/psd/
2019-10-14,1543,1,/events/
2019-10-14,1543,2,/events/info-taster-session-events/
2019-12-02,1546,0,/events/info-taster-session-events/
2019-12-02,1546,1,homepage
2019-12-02,1546,2,/events/info-taster-session-events/
2020-01-23,1548,0,homepage
2020-01-23,1548,1,/events/info-taster-session-events/
2020-01-23,1548,2,/events/
2019-11-19,1550,0,/courses/psd/
2019-11-19,1550,1,homepage
2019-11-19,1550,2,/da-announcement/apply-for-da/
2019-11-19,1550,3,homepage
2019-12-23,1551,0,/events/info-taster-session-events/
2019-12-23,1551,1,/events/info-taster-session-events/
2019-12-23,1551,2,/events/info-taster-session-events/
2019-09-08,1553,0,/courses/psd/
2019-09-08,1553,1,homepage
2019-09-08,1553,2,/events/info-taster-session-events/
2019-09-08,1553,3,/events/info-taster-session-events/
2020-01-01,1556,0,/black-friday-lottery/
2020-01-01,1556,1,/courses/psd/
2020-01-01,1556,2,/courses/r-programming/
2020-01-01,1556,3,/events/info-taster-session-events/
2019-10-28,1557,0,/events/info-taster-session-events/
2019-10-28,1557,1,/events/info-taster-session-events/
2019-10-28,1557,2,/courses/psd/thank-you-syllabus-download/
2019-10-28,1557,3,/events/info-taster-session-events/
2019-12-12,1560,0,/courses/psd/
2019-12-12,1560,1,/events/info-taster-session-events/
2019-11-20,1562,0,/courses/psd/apply/
2019-11-20,1562,1,/events/info-taster-session-events/
2019-11-20,1562,2,/courses/
2019-11-20,1562,3,/events/info-taster-session-events/
2019-09-01,1564,0,/events/info-taster-session-events/
2019-09-01,1564,1,/digital-careers/
2019-09-08,1566,0,homepage
2019-09-08,1566,1,/courses/
2019-09-16,1568,0,/events/edinburgh/
2019-09-16,1568,1,/events/info-taster-session-events/
2019-11-01,1569,0,/da-announcement/
2019-11-01,1569,1,homepage
2019-11-21,1572,0,/da-announcement/
2019-11-21,1572,1,/events/info-taster-session-events/
2019-12-27,1574,0,homepage
2019-12-27,1574,1,/events/info-taster-session-events/
2020-01-01,1576,0,/events/
2020-01-01,1576,1,/events/info-taster-session-events/
2020-01-14,1578,0,/events/info-taster-session-events/
2020-01-14,1578,1,/events/info-taster-session-events/
2020-01-17,1580,0,/events/edinburgh/
2020-01-17,1580,1,/events/glasgow/
2020-02-04,1581,0,/da-announcement/
2020-02-04,1581,1,homepage
2020-02-04,1581,2,/courses/full-stack-web-development/
2020-02-22,1584,0,/events/
2020-02-22,1584,1,/courses/
2020-02-22,1584,2,/glasgow/
2020-01-29,1585,0,/events/info-taster-session-events/
2020-01-29,1585,1,/courses/psd/
2020-01-29,1585,2,/events/info-taster-session-events/
2019-11-11,1587,0,homepage
2019-11-11,1587,1,homepage
2020-02-05,1589,0,/courses/psd/curriculum/
2020-02-05,1589,1,/courses/psd/
2020-02-05,1589,2,/events/info-taster-session-events/
2020-02-05,1589,3,/courses/psd/
2020-02-05,1590,0,homepage
2020-02-05,1590,1,homepage
2020-02-05,1590,2,/events/info-taster-session-events/
2020-02-05,1590,3,/courses/psd/
2020-02-07,1591,0,/events/info-taster-session-events/
2020-02-07,1591,1,homepage
2020-02-09,1594,0,/courses/psd/
2020-02-09,1594,1,/events/info-taster-session-events/
2020-01-14,1596,0,homepage
2020-01-14,1596,1,/digital-careers/
2020-01-14,1596,2,/events/info-taster-session-events/
2019-11-05,1597,0,/events/info-taster-session-events/
2019-11-05,1597,1,/events/info-taster-session-events/
2019-11-05,1597,2,homepage
2019-11-05,1597,3,/events/info-taster-session-events/
2019-09-21,1599,0,/courses/
2019-09-21,1599,1,/events/info-taster-session-events/
2019-09-21,1599,2,/glasgow/
2019-09-21,1599,3,/events/info-taster-session-events/
2019-09-18,1602,0,/events/info-taster-session-events/
2019-09-18,1602,1,/courses/
2019-09-18,1602,2,/events/info-taster-session-events/
2019-09-18,1602,3,homepage
2019-12-10,1603,0,/Glasgow/
2019-12-10,1603,1,/events/info-taster-session-events/
2019-12-10,1603,2,/courses/psd/career-support/
2019-12-10,1603,3,/events/info-taster-session-events/
2019-10-09,1606,0,/events/info-taster-session-events/
2019-10-09,1606,1,/events/info-taster-session-events/
2019-10-09,1606,2,/courses/psd/
2019-10-09,1606,3,homepage
2020-02-22,1607,0,/events/
2020-02-22,1607,1,/events/info-taster-session-events/
2020-02-22,1607,2,/events/info-taster-session-events/
2020-02-22,1607,3,/courses/psd/apply/
2020-01-25,1610,0,/courses/psd/
2020-01-25,1610,1,/courses/psd/application-and-dates/
2019-09-03,1611,0,/events/info-taster-session-events/
2019-09-03,1611,1,/courses/ux-advanced/
2020-01-27,1614,0,/events/info-sessions/
2020-01-27,1614,1,/courses/psd/
2020-01-27,1614,2,/courses/agile-for-effective-teams/
2019-10-16,1615,0,/courses/
2019-10-16,1615,1,/events/alumni-events/
2019-10-16,1615,2,/events/glasgow/
2019-10-16,1615,3,/events/
2019-09-06,1618,0,/da-announcement/
2019-09-06,1618,1,/events/info-taster-session-events/
2019-09-06,1618,2,/da-announcement/
2019-09-06,1618,3,/events/edinburgh/
2019-09-03,1619,0,/events/info-taster-session-events/
2019-09-03,1619,1,/events/info-taster-session-events/
2020-01-14,1621,0,/glasgow/
2020-01-14,1621,1,/da-announcement/
2020-01-14,1621,2,homepage
2020-01-12,1624,0,/enquire/
2020-01-12,1624,1,/events/info-taster-session-events/
2020-01-12,1624,2,/events/info-taster-session-events/
2020-01-12,1624,3,/events/info-taster-session-events/
2019-12-27,1625,0,/events/edinburgh/
2019-12-27,1625,1,/events/info-taster-session-events/
2019-12-27,1625,2,/events/info-taster-session-events/
2019-12-27,1625,3,/events/info-taster-session-events/
2020-02-25,1628,0,/courses/browse-all-course-dates/
2020-02-25,1628,1,/da-announcement/
2020-02-25,1628,2,/courses/psd/
2020-02-25,1628,3,/events/info-taster-session-events/
2020-01-06,1630,0,homepage
2020-01-06,1630,1,/da-announcement/
2020-01-06,1630,2,/da-announcement/
2020-01-06,1630,3,/events/info-taster-session-events/
2020-01-28,1632,0,/courses/edinburgh/
2020-01-28,1632,1,homepage
2020-01-28,1632,2,/courses/psd/
2020-01-28,1632,3,homepage
2019-12-10,1634,0,/events/info-taster-session-events/
2019-12-10,1634,1,/events/
2019-12-10,1634,2,/da-announcement/
2019-12-10,1634,3,/events/info-taster-session-events/
2020-01-07,1635,0,homepage
2020-01-07,1635,1,homepage
2020-01-07,1635,2,/courses/da/
2020-01-07,1635,3,/events/info-taster-session-events/
2019-12-03,1637,0,homepage
2019-12-03,1637,1,homepage
2019-12-03,1637,2,homepage
2019-12-03,1637,3,homepage
2019-12-27,1640,0,homepage
2019-12-23,1642,0,/courses/psd/
2020-01-05,1644,0,/events/glasgow/
2019-12-28,1645,0,/events/info-taster-session-events/
2019-11-09,1647,0,/courses/python-for-developers/
2019-11-09,1647,1,/events/info-taster-session-events/
2019-11-09,1647,2,homepage
2019-11-09,1647,3,/da-announcement/da-thank-you-for-registering-interest/
2020-01-16,1649,0,/courses/psd/
2019-11-14,1651,0,homepage
2020-01-06,1654,0,/events/info-taster-session-events/
2020-01-06,1654,1,/courses/psd/student-case-studies/
2020-01-06,1654,2,homepage
2020-01-06,1654,3,/glasgow/
2019-12-14,1656,0,/events/info-taster-session-events/
2019-12-14,1656,1,/events/info-taster-session-events/
2019-12-14,1656,2,homepage
2019-12-14,1656,3,/da-announcement/dacourse-application-process/
